[{"__symbolic":"module","version":3,"metadata":{"MaterializeAction":{"__symbolic":"interface"},"MaterializeDirective":{"__symbolic":"class","decorators":[{"__symbolic":"call","expression":{"__symbolic":"reference","module":"@angular/core","name":"Directive"},"arguments":[{"selector":"[materialize]"}]}],"members":{"init":[{"__symbolic":"property","decorators":[{"__symbolic":"call","expression":{"__symbolic":"reference","module":"@angular/core","name":"Output"}}]}],"__ctor__":[{"__symbolic":"constructor","parameters":[{"__symbolic":"reference","module":"@angular/core","name":"ElementRef"}]}],"materializeParams":[{"__symbolic":"property","decorators":[{"__symbolic":"call","expression":{"__symbolic":"reference","module":"@angular/core","name":"Input"}}]}],"materializeActions":[{"__symbolic":"property","decorators":[{"__symbolic":"call","expression":{"__symbolic":"reference","module":"@angular/core","name":"Input"}}]}],"materialize":[{"__symbolic":"property","decorators":[{"__symbolic":"call","expression":{"__symbolic":"reference","module":"@angular/core","name":"Input"}}]}],"materializeSelectOptions":[{"__symbolic":"property","decorators":[{"__symbolic":"call","expression":{"__symbolic":"reference","module":"@angular/core","name":"Input"}}]}],"ngModel":[{"__symbolic":"property","decorators":[{"__symbolic":"call","expression":{"__symbolic":"reference","module":"@angular/core","name":"Input"}}]}],"ngAfterViewInit":[{"__symbolic":"method"}],"ngOnChanges":[{"__symbolic":"method"}],"ngOnDestroy":[{"__symbolic":"method"}],"ngDoCheck":[{"__symbolic":"method"}],"performElementRemotion":[{"__symbolic":"method"}],"performElementUpdates":[{"__symbolic":"method"}],"performLocalElementUpdates":[{"__symbolic":"method"}],"isTooltip":[{"__symbolic":"method"}],"isSelect":[{"__symbolic":"method"}],"isDatePicker":[{"__symbolic":"method"}],"isTimePicker":[{"__symbolic":"method"}],"isChips":[{"__symbolic":"method"}],"isAutocomplete":[{"__symbolic":"method"}],"isTextarea":[{"__symbolic":"method"}],"enableDPButtons":[{"__symbolic":"method"}]}}}},{"__symbolic":"module","version":1,"metadata":{"MaterializeAction":{"__symbolic":"interface"},"MaterializeDirective":{"__symbolic":"class","decorators":[{"__symbolic":"call","expression":{"__symbolic":"reference","module":"@angular/core","name":"Directive"},"arguments":[{"selector":"[materialize]"}]}],"members":{"init":[{"__symbolic":"property","decorators":[{"__symbolic":"call","expression":{"__symbolic":"reference","module":"@angular/core","name":"Output"}}]}],"__ctor__":[{"__symbolic":"constructor","parameters":[{"__symbolic":"reference","module":"@angular/core","name":"ElementRef"}]}],"materializeParams":[{"__symbolic":"property","decorators":[{"__symbolic":"call","expression":{"__symbolic":"reference","module":"@angular/core","name":"Input"}}]}],"materializeActions":[{"__symbolic":"property","decorators":[{"__symbolic":"call","expression":{"__symbolic":"reference","module":"@angular/core","name":"Input"}}]}],"materialize":[{"__symbolic":"property","decorators":[{"__symbolic":"call","expression":{"__symbolic":"reference","module":"@angular/core","name":"Input"}}]}],"materializeSelectOptions":[{"__symbolic":"property","decorators":[{"__symbolic":"call","expression":{"__symbolic":"reference","module":"@angular/core","name":"Input"}}]}],"ngModel":[{"__symbolic":"property","decorators":[{"__symbolic":"call","expression":{"__symbolic":"reference","module":"@angular/core","name":"Input"}}]}],"ngAfterViewInit":[{"__symbolic":"method"}],"ngOnChanges":[{"__symbolic":"method"}],"ngOnDestroy":[{"__symbolic":"method"}],"ngDoCheck":[{"__symbolic":"method"}],"performElementRemotion":[{"__symbolic":"method"}],"performElementUpdates":[{"__symbolic":"method"}],"performLocalElementUpdates":[{"__symbolic":"method"}],"isTooltip":[{"__symbolic":"method"}],"isSelect":[{"__symbolic":"method"}],"isDatePicker":[{"__symbolic":"method"}],"isTimePicker":[{"__symbolic":"method"}],"isChips":[{"__symbolic":"method"}],"isAutocomplete":[{"__symbolic":"method"}],"isTextarea":[{"__symbolic":"method"}],"enableDPButtons":[{"__symbolic":"method"}]}}}}]