{
  "components": {
    "VApp": {
      "from": "components/VApp/index.mjs",
      "styles": []
    },
    "VAppBar": {
      "from": "components/VAppBar/index.mjs",
      "styles": []
    },
    "VAppBarNavIcon": {
      "from": "components/VAppBar/index.mjs",
      "styles": []
    },
    "VAppBarTitle": {
      "from": "components/VAppBar/index.mjs",
      "styles": []
    },
    "VAlert": {
      "from": "components/VAlert/index.mjs",
      "styles": []
    },
    "VAlertTitle": {
      "from": "components/VAlert/index.mjs",
      "styles": []
    },
    "VAutocomplete": {
      "from": "components/VAutocomplete/index.mjs",
      "styles": []
    },
    "VAvatar": {
      "from": "components/VAvatar/index.mjs",
      "styles": []
    },
    "VBadge": {
      "from": "components/VBadge/index.mjs",
      "styles": []
    },
    "VBanner": {
      "from": "components/VBanner/index.mjs",
      "styles": []
    },
    "VBannerActions": {
      "from": "components/VBanner/index.mjs",
      "styles": []
    },
    "VBannerAvatar": {
      "from": "components/VBanner/index.mjs",
      "styles": []
    },
    "VBannerIcon": {
      "from": "components/VBanner/index.mjs",
      "styles": []
    },
    "VBannerText": {
      "from": "components/VBanner/index.mjs",
      "styles": []
    },
    "VBottomNavigation": {
      "from": "components/VBottomNavigation/index.mjs",
      "styles": []
    },
    "VBreadcrumbs": {
      "from": "components/VBreadcrumbs/index.mjs",
      "styles": []
    },
    "VBreadcrumbsItem": {
      "from": "components/VBreadcrumbs/index.mjs",
      "styles": []
    },
    "VBreadcrumbsDivider": {
      "from": "components/VBreadcrumbs/index.mjs",
      "styles": []
    },
    "VBtn": {
      "from": "components/VBtn/index.mjs",
      "styles": []
    },
    "VBtnGroup": {
      "from": "components/VBtnGroup/index.mjs",
      "styles": []
    },
    "VBtnToggle": {
      "from": "components/VBtnToggle/index.mjs",
      "styles": []
    },
    "VCard": {
      "from": "components/VCard/index.mjs",
      "styles": []
    },
    "VCardActions": {
      "from": "components/VCard/index.mjs",
      "styles": []
    },
    "VCardAvatar": {
      "from": "components/VCard/index.mjs",
      "styles": []
    },
    "VCardContent": {
      "from": "components/VCard/index.mjs",
      "styles": []
    },
    "VCardHeader": {
      "from": "components/VCard/index.mjs",
      "styles": []
    },
    "VCardHeaderText": {
      "from": "components/VCard/index.mjs",
      "styles": []
    },
    "VCardImg": {
      "from": "components/VCard/index.mjs",
      "styles": []
    },
    "VCardSubtitle": {
      "from": "components/VCard/index.mjs",
      "styles": []
    },
    "VCardText": {
      "from": "components/VCard/index.mjs",
      "styles": []
    },
    "VCardTitle": {
      "from": "components/VCard/index.mjs",
      "styles": []
    },
    "VCarousel": {
      "from": "components/VCarousel/index.mjs",
      "styles": []
    },
    "VCarouselItem": {
      "from": "components/VCarousel/index.mjs",
      "styles": []
    },
    "VCheckbox": {
      "from": "components/VCheckbox/index.mjs",
      "styles": []
    },
    "VChip": {
      "from": "components/VChip/index.mjs",
      "styles": []
    },
    "VChipGroup": {
      "from": "components/VChipGroup/index.mjs",
      "styles": []
    },
    "VCode": {
      "from": "components/VCode/index.mjs",
      "styles": []
    },
    "VColorPicker": {
      "from": "components/VColorPicker/index.mjs",
      "styles": []
    },
    "VCombobox": {
      "from": "components/VCombobox/index.mjs",
      "styles": []
    },
    "VCounter": {
      "from": "components/VCounter/index.mjs",
      "styles": []
    },
    "VDefaultsProvider": {
      "from": "components/VDefaultsProvider/index.mjs",
      "styles": []
    },
    "VDialog": {
      "from": "components/VDialog/index.mjs",
      "styles": []
    },
    "VDivider": {
      "from": "components/VDivider/index.mjs",
      "styles": []
    },
    "VExpansionPanels": {
      "from": "components/VExpansionPanel/index.mjs",
      "styles": []
    },
    "VExpansionPanel": {
      "from": "components/VExpansionPanel/index.mjs",
      "styles": []
    },
    "VExpansionPanelText": {
      "from": "components/VExpansionPanel/index.mjs",
      "styles": []
    },
    "VExpansionPanelTitle": {
      "from": "components/VExpansionPanel/index.mjs",
      "styles": []
    },
    "VField": {
      "from": "components/VField/index.mjs",
      "styles": []
    },
    "VFieldLabel": {
      "from": "components/VField/index.mjs",
      "styles": []
    },
    "VFileInput": {
      "from": "components/VFileInput/index.mjs",
      "styles": []
    },
    "VFooter": {
      "from": "components/VFooter/index.mjs",
      "styles": []
    },
    "VForm": {
      "from": "components/VForm/index.mjs",
      "styles": []
    },
    "VContainer": {
      "from": "components/VGrid/index.mjs",
      "styles": []
    },
    "VCol": {
      "from": "components/VGrid/index.mjs",
      "styles": []
    },
    "VRow": {
      "from": "components/VGrid/index.mjs",
      "styles": []
    },
    "VSpacer": {
      "from": "components/VGrid/index.mjs",
      "styles": []
    },
    "VHover": {
      "from": "components/VHover/index.mjs",
      "styles": []
    },
    "VIcon": {
      "from": "components/VIcon/index.mjs",
      "styles": []
    },
    "VComponentIcon": {
      "from": "components/VIcon/index.mjs",
      "styles": []
    },
    "VSvgIcon": {
      "from": "components/VIcon/index.mjs",
      "styles": []
    },
    "VLigatureIcon": {
      "from": "components/VIcon/index.mjs",
      "styles": []
    },
    "VClassIcon": {
      "from": "components/VIcon/index.mjs",
      "styles": []
    },
    "VImg": {
      "from": "components/VImg/index.mjs",
      "styles": []
    },
    "VInput": {
      "from": "components/VInput/index.mjs",
      "styles": []
    },
    "VItemGroup": {
      "from": "components/VItemGroup/index.mjs",
      "styles": []
    },
    "VItem": {
      "from": "components/VItemGroup/index.mjs",
      "styles": []
    },
    "VKbd": {
      "from": "components/VKbd/index.mjs",
      "styles": []
    },
    "VLabel": {
      "from": "components/VLabel/index.mjs",
      "styles": []
    },
    "VLayout": {
      "from": "components/VLayout/index.mjs",
      "styles": []
    },
    "VLayoutItem": {
      "from": "components/VLayout/index.mjs",
      "styles": []
    },
    "VLazy": {
      "from": "components/VLazy/index.mjs",
      "styles": []
    },
    "VList": {
      "from": "components/VList/index.mjs",
      "styles": []
    },
    "VListSubheader": {
      "from": "components/VList/index.mjs",
      "styles": []
    },
    "VListImg": {
      "from": "components/VList/index.mjs",
      "styles": []
    },
    "VListItem": {
      "from": "components/VList/index.mjs",
      "styles": []
    },
    "VListItemAction": {
      "from": "components/VList/index.mjs",
      "styles": []
    },
    "VListItemAvatar": {
      "from": "components/VList/index.mjs",
      "styles": []
    },
    "VListItemHeader": {
      "from": "components/VList/index.mjs",
      "styles": []
    },
    "VListItemIcon": {
      "from": "components/VList/index.mjs",
      "styles": []
    },
    "VListItemMedia": {
      "from": "components/VList/index.mjs",
      "styles": []
    },
    "VListItemSubtitle": {
      "from": "components/VList/index.mjs",
      "styles": []
    },
    "VListItemTitle": {
      "from": "components/VList/index.mjs",
      "styles": []
    },
    "VListGroup": {
      "from": "components/VList/index.mjs",
      "styles": []
    },
    "VLocaleProvider": {
      "from": "components/VLocaleProvider/index.mjs",
      "styles": []
    },
    "VMain": {
      "from": "components/VMain/index.mjs",
      "styles": []
    },
    "VMenu": {
      "from": "components/VMenu/index.mjs",
      "styles": []
    },
    "VMessages": {
      "from": "components/VMessages/index.mjs",
      "styles": []
    },
    "VNavigationDrawer": {
      "from": "components/VNavigationDrawer/index.mjs",
      "styles": []
    },
    "VNoSsr": {
      "from": "components/VNoSsr/index.mjs",
      "styles": []
    },
    "VOverlay": {
      "from": "components/VOverlay/index.mjs",
      "styles": []
    },
    "VPagination": {
      "from": "components/VPagination/index.mjs",
      "styles": []
    },
    "VParallax": {
      "from": "components/VParallax/index.mjs",
      "styles": []
    },
    "VProgressCircular": {
      "from": "components/VProgressCircular/index.mjs",
      "styles": []
    },
    "VProgressLinear": {
      "from": "components/VProgressLinear/index.mjs",
      "styles": []
    },
    "VRadio": {
      "from": "components/VRadio/index.mjs",
      "styles": []
    },
    "VRadioGroup": {
      "from": "components/VRadioGroup/index.mjs",
      "styles": []
    },
    "VRangeSlider": {
      "from": "components/VRangeSlider/index.mjs",
      "styles": []
    },
    "VRating": {
      "from": "components/VRating/index.mjs",
      "styles": []
    },
    "VResponsive": {
      "from": "components/VResponsive/index.mjs",
      "styles": []
    },
    "VSelect": {
      "from": "components/VSelect/index.mjs",
      "styles": []
    },
    "VSelectionControl": {
      "from": "components/VSelectionControl/index.mjs",
      "styles": []
    },
    "VSelectionControlGroup": {
      "from": "components/VSelectionControlGroup/index.mjs",
      "styles": []
    },
    "VSheet": {
      "from": "components/VSheet/index.mjs",
      "styles": []
    },
    "VSlider": {
      "from": "components/VSlider/index.mjs",
      "styles": []
    },
    "VSnackbar": {
      "from": "components/VSnackbar/index.mjs",
      "styles": []
    },
    "VSwitch": {
      "from": "components/VSwitch/index.mjs",
      "styles": []
    },
    "VSystemBar": {
      "from": "components/VSystemBar/index.mjs",
      "styles": []
    },
    "VTabs": {
      "from": "components/VTabs/index.mjs",
      "styles": []
    },
    "VTab": {
      "from": "components/VTabs/index.mjs",
      "styles": []
    },
    "VTable": {
      "from": "components/VTable/index.mjs",
      "styles": []
    },
    "VTextarea": {
      "from": "components/VTextarea/index.mjs",
      "styles": []
    },
    "VTextField": {
      "from": "components/VTextField/index.mjs",
      "styles": []
    },
    "VThemeProvider": {
      "from": "components/VThemeProvider/index.mjs",
      "styles": []
    },
    "VTimeline": {
      "from": "components/VTimeline/index.mjs",
      "styles": []
    },
    "VTimelineItem": {
      "from": "components/VTimeline/index.mjs",
      "styles": []
    },
    "VToolbar": {
      "from": "components/VToolbar/index.mjs",
      "styles": []
    },
    "VToolbarTitle": {
      "from": "components/VToolbar/index.mjs",
      "styles": []
    },
    "VToolbarItems": {
      "from": "components/VToolbar/index.mjs",
      "styles": []
    },
    "VTooltip": {
      "from": "components/VTooltip/index.mjs",
      "styles": []
    },
    "VValidation": {
      "from": "components/VValidation/index.mjs",
      "styles": []
    },
    "VWindow": {
      "from": "components/VWindow/index.mjs",
      "styles": []
    },
    "VWindowItem": {
      "from": "components/VWindow/index.mjs",
      "styles": []
    },
    "VCarouselTransition": {
      "from": "components/transitions/index.mjs",
      "styles": []
    },
    "VCarouselReverseTransition": {
      "from": "components/transitions/index.mjs",
      "styles": []
    },
    "VTabTransition": {
      "from": "components/transitions/index.mjs",
      "styles": []
    },
    "VTabReverseTransition": {
      "from": "components/transitions/index.mjs",
      "styles": []
    },
    "VMenuTransition": {
      "from": "components/transitions/index.mjs",
      "styles": []
    },
    "VFabTransition": {
      "from": "components/transitions/index.mjs",
      "styles": []
    },
    "VDialogBottomTransition": {
      "from": "components/transitions/index.mjs",
      "styles": []
    },
    "VDialogTopTransition": {
      "from": "components/transitions/index.mjs",
      "styles": []
    },
    "VFadeTransition": {
      "from": "components/transitions/index.mjs",
      "styles": []
    },
    "VScaleTransition": {
      "from": "components/transitions/index.mjs",
      "styles": []
    },
    "VScrollXTransition": {
      "from": "components/transitions/index.mjs",
      "styles": []
    },
    "VScrollXReverseTransition": {
      "from": "components/transitions/index.mjs",
      "styles": []
    },
    "VScrollYTransition": {
      "from": "components/transitions/index.mjs",
      "styles": []
    },
    "VScrollYReverseTransition": {
      "from": "components/transitions/index.mjs",
      "styles": []
    },
    "VSlideXTransition": {
      "from": "components/transitions/index.mjs",
      "styles": []
    },
    "VSlideXReverseTransition": {
      "from": "components/transitions/index.mjs",
      "styles": []
    },
    "VSlideYTransition": {
      "from": "components/transitions/index.mjs",
      "styles": []
    },
    "VSlideYReverseTransition": {
      "from": "components/transitions/index.mjs",
      "styles": []
    },
    "VExpandTransition": {
      "from": "components/transitions/index.mjs",
      "styles": []
    },
    "VExpandXTransition": {
      "from": "components/transitions/index.mjs",
      "styles": []
    },
    "VDialogTransition": {
      "from": "components/transitions/index.mjs",
      "styles": []
    }
  },
  "directives": [
    "ClickOutside",
    "Intersect",
    "Mutate",
    "Resize",
    "Ripple",
    "Scroll",
    "Touch"
  ]
}