{
  "v-app": {
    "attributes": [
      "id"
    ],
    "description": ""
  },
  "v-app-bar": {
    "attributes": [
      "absolute",
      "app",
      "bottom",
      "clipped-left",
      "clipped-right",
      "collapse",
      "collapse-on-scroll",
      "color",
      "dark",
      "dense",
      "elevate-on-scroll",
      "elevation",
      "extended",
      "extension-height",
      "fade-img-on-scroll",
      "fixed",
      "flat",
      "floating",
      "height",
      "hide-on-scroll",
      "inverted-scroll",
      "light",
      "max-height",
      "max-width",
      "min-height",
      "min-width",
      "outlined",
      "prominent",
      "rounded",
      "scroll-off-screen",
      "scroll-target",
      "scroll-threshold",
      "shaped",
      "short",
      "shrink-on-scroll",
      "src",
      "tag",
      "tile",
      "value",
      "width"
    ],
    "description": ""
  },
  "v-app-bar-nav-icon": {
    "attributes": [],
    "description": ""
  },
  "v-app-bar-title": {
    "attributes": [],
    "description": ""
  },
  "v-alert": {
    "attributes": [
      "border",
      "close-icon",
      "close-label",
      "color",
      "colored-border",
      "dark",
      "dense",
      "dismissible",
      "elevation",
      "height",
      "icon",
      "light",
      "max-height",
      "max-width",
      "min-height",
      "min-width",
      "mode",
      "origin",
      "outlined",
      "prominent",
      "rounded",
      "shaped",
      "tag",
      "text",
      "tile",
      "transition",
      "type",
      "value",
      "width"
    ],
    "description": ""
  },
  "v-autocomplete": {
    "attributes": [
      "allow-overflow",
      "append-icon",
      "append-outer-icon",
      "attach",
      "auto-select-first",
      "autofocus",
      "background-color",
      "cache-items",
      "chips",
      "clear-icon",
      "clearable",
      "color",
      "counter",
      "counter-value",
      "dark",
      "deletable-chips",
      "dense",
      "disable-lookup",
      "disabled",
      "eager",
      "error",
      "error-count",
      "error-messages",
      "filled",
      "filter",
      "flat",
      "full-width",
      "height",
      "hide-details",
      "hide-no-data",
      "hide-selected",
      "hint",
      "id",
      "item-color",
      "item-disabled",
      "item-text",
      "item-value",
      "items",
      "label",
      "light",
      "loader-height",
      "loading",
      "menu-props",
      "messages",
      "multiple",
      "no-data-text",
      "no-filter",
      "open-on-clear",
      "outlined",
      "persistent-hint",
      "placeholder",
      "prefix",
      "prepend-icon",
      "prepend-inner-icon",
      "readonly",
      "return-object",
      "reverse",
      "rounded",
      "rules",
      "search-input",
      "shaped",
      "single-line",
      "small-chips",
      "solo",
      "solo-inverted",
      "success",
      "success-messages",
      "suffix",
      "type",
      "validate-on-blur",
      "value",
      "value-comparator"
    ],
    "description": ""
  },
  "v-avatar": {
    "attributes": [
      "color",
      "height",
      "left",
      "max-height",
      "max-width",
      "min-height",
      "min-width",
      "right",
      "rounded",
      "size",
      "tile",
      "width"
    ],
    "description": ""
  },
  "v-badge": {
    "attributes": [
      "avatar",
      "bordered",
      "bottom",
      "color",
      "content",
      "dark",
      "dot",
      "icon",
      "inline",
      "label",
      "left",
      "light",
      "mode",
      "offset-x",
      "offset-y",
      "origin",
      "overlap",
      "tile",
      "transition",
      "value"
    ],
    "description": ""
  },
  "v-banner": {
    "attributes": [
      "app",
      "color",
      "dark",
      "elevation",
      "height",
      "icon",
      "icon-color",
      "light",
      "max-height",
      "max-width",
      "min-height",
      "min-width",
      "mobile-breakpoint",
      "outlined",
      "rounded",
      "shaped",
      "single-line",
      "sticky",
      "tag",
      "tile",
      "value",
      "width"
    ],
    "description": ""
  },
  "v-bottom-navigation": {
    "attributes": [
      "absolute",
      "active-class",
      "app",
      "background-color",
      "color",
      "dark",
      "fixed",
      "grow",
      "height",
      "hide-on-scroll",
      "horizontal",
      "input-value",
      "light",
      "mandatory",
      "max-height",
      "max-width",
      "min-height",
      "min-width",
      "scroll-target",
      "scroll-threshold",
      "shift",
      "value",
      "width"
    ],
    "description": ""
  },
  "v-bottom-sheet": {
    "attributes": [
      "activator",
      "attach",
      "close-delay",
      "content-class",
      "dark",
      "disabled",
      "eager",
      "fullscreen",
      "hide-overlay",
      "inset",
      "internal-activator",
      "light",
      "max-width",
      "no-click-animation",
      "open-delay",
      "open-on-focus",
      "open-on-hover",
      "origin",
      "overlay-color",
      "overlay-opacity",
      "persistent",
      "retain-focus",
      "return-value",
      "scrollable",
      "transition",
      "value",
      "width"
    ],
    "description": ""
  },
  "v-breadcrumbs": {
    "attributes": [
      "dark",
      "divider",
      "items",
      "large",
      "light"
    ],
    "description": ""
  },
  "v-breadcrumbs-item": {
    "attributes": [
      "active-class",
      "append",
      "disabled",
      "exact",
      "exact-active-class",
      "href",
      "link",
      "nuxt",
      "replace",
      "ripple",
      "tag",
      "target",
      "to"
    ],
    "description": ""
  },
  "v-breadcrumbs-divider": {
    "attributes": [],
    "description": ""
  },
  "v-btn": {
    "attributes": [
      "absolute",
      "active-class",
      "append",
      "block",
      "bottom",
      "color",
      "dark",
      "depressed",
      "disabled",
      "elevation",
      "exact",
      "exact-active-class",
      "fab",
      "fixed",
      "height",
      "href",
      "icon",
      "input-value",
      "large",
      "left",
      "light",
      "link",
      "loading",
      "max-height",
      "max-width",
      "min-height",
      "min-width",
      "nuxt",
      "outlined",
      "plain",
      "replace",
      "retain-focus-on-click",
      "right",
      "ripple",
      "rounded",
      "shaped",
      "small",
      "tag",
      "target",
      "text",
      "tile",
      "to",
      "top",
      "type",
      "value",
      "width",
      "x-large",
      "x-small"
    ],
    "description": ""
  },
  "v-btn-toggle": {
    "attributes": [
      "active-class",
      "background-color",
      "borderless",
      "color",
      "dark",
      "dense",
      "group",
      "light",
      "mandatory",
      "max",
      "multiple",
      "rounded",
      "shaped",
      "tag",
      "tile",
      "value"
    ],
    "description": ""
  },
  "v-calendar": {
    "attributes": [
      "categories",
      "category-days",
      "category-for-invalid",
      "category-hide-dynamic",
      "category-show-all",
      "category-text",
      "color",
      "dark",
      "day-format",
      "end",
      "event-category",
      "event-color",
      "event-end",
      "event-height",
      "event-margin-bottom",
      "event-more",
      "event-more-text",
      "event-name",
      "event-overlap-mode",
      "event-overlap-threshold",
      "event-ripple",
      "event-start",
      "event-text-color",
      "event-timed",
      "events",
      "first-interval",
      "first-time",
      "hide-header",
      "interval-count",
      "interval-format",
      "interval-height",
      "interval-minutes",
      "interval-style",
      "interval-width",
      "light",
      "locale",
      "locale-first-day-of-year",
      "max-days",
      "min-weeks",
      "month-format",
      "now",
      "short-intervals",
      "short-months",
      "short-weekdays",
      "show-interval-label",
      "show-month-on-first",
      "show-week",
      "start",
      "type",
      "value",
      "weekday-format",
      "weekdays"
    ],
    "description": ""
  },
  "v-calendar-daily": {
    "attributes": [
      "color",
      "dark",
      "day-format",
      "end",
      "first-interval",
      "first-time",
      "hide-header",
      "interval-count",
      "interval-format",
      "interval-height",
      "interval-minutes",
      "interval-style",
      "interval-width",
      "light",
      "locale",
      "max-days",
      "now",
      "short-intervals",
      "short-weekdays",
      "show-interval-label",
      "start",
      "weekday-format",
      "weekdays"
    ],
    "description": ""
  },
  "v-calendar-weekly": {
    "attributes": [
      "color",
      "dark",
      "day-format",
      "end",
      "hide-header",
      "light",
      "locale",
      "locale-first-day-of-year",
      "min-weeks",
      "month-format",
      "now",
      "short-months",
      "short-weekdays",
      "show-month-on-first",
      "show-week",
      "start",
      "weekday-format",
      "weekdays"
    ],
    "description": ""
  },
  "v-calendar-monthly": {
    "attributes": [
      "color",
      "dark",
      "day-format",
      "end",
      "hide-header",
      "light",
      "locale",
      "locale-first-day-of-year",
      "min-weeks",
      "month-format",
      "now",
      "short-months",
      "short-weekdays",
      "show-month-on-first",
      "show-week",
      "start",
      "weekday-format",
      "weekdays"
    ],
    "description": ""
  },
  "v-card": {
    "attributes": [
      "active-class",
      "append",
      "color",
      "dark",
      "disabled",
      "elevation",
      "exact",
      "exact-active-class",
      "flat",
      "height",
      "hover",
      "href",
      "img",
      "light",
      "link",
      "loader-height",
      "loading",
      "max-height",
      "max-width",
      "min-height",
      "min-width",
      "nuxt",
      "outlined",
      "raised",
      "replace",
      "ripple",
      "rounded",
      "shaped",
      "tag",
      "target",
      "tile",
      "to",
      "width"
    ],
    "description": ""
  },
  "v-card-actions": {
    "attributes": [],
    "description": ""
  },
  "v-card-subtitle": {
    "attributes": [],
    "description": ""
  },
  "v-card-text": {
    "attributes": [],
    "description": ""
  },
  "v-card-title": {
    "attributes": [],
    "description": ""
  },
  "v-carousel": {
    "attributes": [
      "active-class",
      "continuous",
      "cycle",
      "dark",
      "delimiter-icon",
      "height",
      "hide-delimiter-background",
      "hide-delimiters",
      "interval",
      "light",
      "mandatory",
      "max",
      "multiple",
      "next-icon",
      "prev-icon",
      "progress",
      "progress-color",
      "reverse",
      "show-arrows",
      "show-arrows-on-hover",
      "tag",
      "touch",
      "touchless",
      "value",
      "vertical",
      "vertical-delimiters"
    ],
    "description": ""
  },
  "v-carousel-item": {
    "attributes": [
      "active-class",
      "append",
      "disabled",
      "eager",
      "exact",
      "exact-active-class",
      "href",
      "link",
      "nuxt",
      "replace",
      "reverse-transition",
      "ripple",
      "tag",
      "target",
      "to",
      "transition",
      "value"
    ],
    "description": ""
  },
  "v-checkbox": {
    "attributes": [
      "append-icon",
      "background-color",
      "color",
      "dark",
      "dense",
      "disabled",
      "error",
      "error-count",
      "error-messages",
      "false-value",
      "hide-details",
      "hint",
      "id",
      "indeterminate",
      "indeterminate-icon",
      "input-value",
      "label",
      "light",
      "messages",
      "multiple",
      "off-icon",
      "on-icon",
      "persistent-hint",
      "prepend-icon",
      "readonly",
      "ripple",
      "rules",
      "success",
      "success-messages",
      "true-value",
      "validate-on-blur",
      "value",
      "value-comparator"
    ],
    "description": ""
  },
  "v-simple-checkbox": {
    "attributes": [
      "color",
      "dark",
      "disabled",
      "indeterminate",
      "indeterminate-icon",
      "light",
      "off-icon",
      "on-icon",
      "ripple",
      "value"
    ],
    "description": ""
  },
  "v-chip": {
    "attributes": [
      "active",
      "active-class",
      "append",
      "close",
      "close-icon",
      "close-label",
      "color",
      "dark",
      "disabled",
      "draggable",
      "exact",
      "exact-active-class",
      "filter",
      "filter-icon",
      "href",
      "input-value",
      "label",
      "large",
      "light",
      "link",
      "nuxt",
      "outlined",
      "pill",
      "replace",
      "ripple",
      "small",
      "tag",
      "target",
      "text-color",
      "to",
      "value",
      "x-large",
      "x-small"
    ],
    "description": ""
  },
  "v-chip-group": {
    "attributes": [
      "active-class",
      "center-active",
      "color",
      "column",
      "dark",
      "light",
      "mandatory",
      "max",
      "mobile-breakpoint",
      "multiple",
      "next-icon",
      "prev-icon",
      "show-arrows",
      "tag",
      "value"
    ],
    "description": ""
  },
  "v-color-picker": {
    "attributes": [
      "canvas-height",
      "dark",
      "disabled",
      "dot-size",
      "elevation",
      "flat",
      "hide-canvas",
      "hide-inputs",
      "hide-mode-switch",
      "hide-sliders",
      "light",
      "mode",
      "show-swatches",
      "swatches",
      "swatches-max-height",
      "value",
      "width"
    ],
    "description": ""
  },
  "v-content": {
    "attributes": [
      "tag"
    ],
    "description": ""
  },
  "v-combobox": {
    "attributes": [
      "allow-overflow",
      "append-icon",
      "append-outer-icon",
      "attach",
      "auto-select-first",
      "autofocus",
      "background-color",
      "cache-items",
      "chips",
      "clear-icon",
      "clearable",
      "color",
      "counter",
      "counter-value",
      "dark",
      "deletable-chips",
      "delimiters",
      "dense",
      "disable-lookup",
      "disabled",
      "eager",
      "error",
      "error-count",
      "error-messages",
      "filled",
      "filter",
      "flat",
      "full-width",
      "height",
      "hide-details",
      "hide-no-data",
      "hide-selected",
      "hint",
      "id",
      "item-color",
      "item-disabled",
      "item-text",
      "item-value",
      "items",
      "label",
      "light",
      "loader-height",
      "loading",
      "menu-props",
      "messages",
      "multiple",
      "no-data-text",
      "no-filter",
      "open-on-clear",
      "outlined",
      "persistent-hint",
      "placeholder",
      "prefix",
      "prepend-icon",
      "prepend-inner-icon",
      "readonly",
      "return-object",
      "reverse",
      "rounded",
      "rules",
      "search-input",
      "shaped",
      "single-line",
      "small-chips",
      "solo",
      "solo-inverted",
      "success",
      "success-messages",
      "suffix",
      "type",
      "validate-on-blur",
      "value",
      "value-comparator"
    ],
    "description": ""
  },
  "v-data-iterator": {
    "attributes": [
      "custom-filter",
      "custom-group",
      "custom-sort",
      "dark",
      "disable-filtering",
      "disable-pagination",
      "disable-sort",
      "expanded",
      "footer-props",
      "group-by",
      "group-desc",
      "hide-default-footer",
      "item-key",
      "items",
      "items-per-page",
      "light",
      "loading",
      "loading-text",
      "locale",
      "mobile-breakpoint",
      "multi-sort",
      "must-sort",
      "no-data-text",
      "no-results-text",
      "options",
      "page",
      "search",
      "selectable-key",
      "server-items-length",
      "single-expand",
      "single-select",
      "sort-by",
      "sort-desc",
      "value"
    ],
    "description": ""
  },
  "v-data-footer": {
    "attributes": [
      "disable-items-per-page",
      "disable-pagination",
      "first-icon",
      "items-per-page-all-text",
      "items-per-page-options",
      "items-per-page-text",
      "last-icon",
      "next-icon",
      "options",
      "page-text",
      "pagination",
      "prev-icon",
      "show-current-page",
      "show-first-last-page"
    ],
    "description": ""
  },
  "v-data-table": {
    "attributes": [
      "calculate-widths",
      "caption",
      "custom-filter",
      "custom-group",
      "custom-sort",
      "dark",
      "dense",
      "disable-filtering",
      "disable-pagination",
      "disable-sort",
      "expand-icon",
      "expanded",
      "fixed-header",
      "footer-props",
      "group-by",
      "group-desc",
      "header-props",
      "headers",
      "headers-length",
      "height",
      "hide-default-footer",
      "hide-default-header",
      "item-class",
      "item-key",
      "items",
      "items-per-page",
      "light",
      "loader-height",
      "loading",
      "loading-text",
      "locale",
      "mobile-breakpoint",
      "multi-sort",
      "must-sort",
      "no-data-text",
      "no-results-text",
      "options",
      "page",
      "search",
      "selectable-key",
      "server-items-length",
      "show-expand",
      "show-group-by",
      "show-select",
      "single-expand",
      "single-select",
      "sort-by",
      "sort-desc",
      "value"
    ],
    "description": ""
  },
  "v-edit-dialog": {
    "attributes": [
      "cancel-text",
      "dark",
      "eager",
      "large",
      "light",
      "persistent",
      "return-value",
      "save-text",
      "transition"
    ],
    "description": ""
  },
  "v-data-table-header": {
    "attributes": [
      "disable-sort",
      "every-item",
      "headers",
      "mobile",
      "options",
      "show-group-by",
      "single-select",
      "some-items",
      "sort-by-text",
      "sort-icon"
    ],
    "description": ""
  },
  "v-simple-table": {
    "attributes": [
      "dark",
      "dense",
      "fixed-header",
      "height",
      "light"
    ],
    "description": ""
  },
  "v-date-picker": {
    "attributes": [
      "allowed-dates",
      "color",
      "dark",
      "day-format",
      "disabled",
      "elevation",
      "event-color",
      "events",
      "first-day-of-week",
      "flat",
      "full-width",
      "header-color",
      "header-date-format",
      "landscape",
      "light",
      "locale",
      "locale-first-day-of-year",
      "max",
      "min",
      "month-format",
      "multiple",
      "next-icon",
      "next-month-aria-label",
      "next-year-aria-label",
      "no-title",
      "picker-date",
      "prev-icon",
      "prev-month-aria-label",
      "prev-year-aria-label",
      "range",
      "reactive",
      "readonly",
      "scrollable",
      "selected-items-text",
      "show-adjacent-months",
      "show-current",
      "show-week",
      "title-date-format",
      "type",
      "value",
      "weekday-format",
      "width",
      "year-format",
      "year-icon"
    ],
    "description": ""
  },
  "v-dialog": {
    "attributes": [
      "activator",
      "attach",
      "close-delay",
      "content-class",
      "dark",
      "disabled",
      "eager",
      "fullscreen",
      "hide-overlay",
      "internal-activator",
      "light",
      "max-width",
      "no-click-animation",
      "open-delay",
      "open-on-focus",
      "open-on-hover",
      "origin",
      "overlay-color",
      "overlay-opacity",
      "persistent",
      "retain-focus",
      "return-value",
      "scrollable",
      "transition",
      "value",
      "width"
    ],
    "description": ""
  },
  "v-divider": {
    "attributes": [
      "dark",
      "inset",
      "light",
      "vertical"
    ],
    "description": ""
  },
  "v-expansion-panels": {
    "attributes": [
      "accordion",
      "active-class",
      "dark",
      "disabled",
      "flat",
      "focusable",
      "hover",
      "inset",
      "light",
      "mandatory",
      "max",
      "multiple",
      "popout",
      "readonly",
      "tag",
      "tile",
      "value"
    ],
    "description": ""
  },
  "v-expansion-panel": {
    "attributes": [
      "active-class",
      "disabled",
      "readonly"
    ],
    "description": ""
  },
  "v-expansion-panel-header": {
    "attributes": [
      "color",
      "disable-icon-rotate",
      "expand-icon",
      "hide-actions",
      "ripple"
    ],
    "description": ""
  },
  "v-expansion-panel-content": {
    "attributes": [
      "color",
      "eager"
    ],
    "description": ""
  },
  "v-file-input": {
    "attributes": [
      "append-icon",
      "append-outer-icon",
      "autofocus",
      "background-color",
      "chips",
      "clear-icon",
      "clearable",
      "color",
      "counter",
      "counter-size-string",
      "counter-string",
      "counter-value",
      "dark",
      "dense",
      "disabled",
      "error",
      "error-count",
      "error-messages",
      "filled",
      "flat",
      "full-width",
      "height",
      "hide-details",
      "hide-input",
      "hint",
      "id",
      "label",
      "light",
      "loader-height",
      "loading",
      "messages",
      "multiple",
      "outlined",
      "persistent-hint",
      "placeholder",
      "prefix",
      "prepend-icon",
      "prepend-inner-icon",
      "reverse",
      "rounded",
      "rules",
      "shaped",
      "show-size",
      "single-line",
      "small-chips",
      "solo",
      "solo-inverted",
      "success",
      "success-messages",
      "suffix",
      "truncate-length",
      "type",
      "validate-on-blur",
      "value"
    ],
    "description": ""
  },
  "v-footer": {
    "attributes": [
      "absolute",
      "app",
      "color",
      "dark",
      "elevation",
      "fixed",
      "height",
      "inset",
      "light",
      "max-height",
      "max-width",
      "min-height",
      "min-width",
      "outlined",
      "padless",
      "rounded",
      "shaped",
      "tag",
      "tile",
      "width"
    ],
    "description": ""
  },
  "v-form": {
    "attributes": [
      "disabled",
      "lazy-validation",
      "readonly",
      "value"
    ],
    "description": ""
  },
  "v-container": {
    "attributes": [
      "fluid",
      "id",
      "tag"
    ],
    "description": ""
  },
  "v-col": {
    "attributes": [
      "align-self",
      "cols",
      "lg",
      "md",
      "offset",
      "offset-lg",
      "offset-md",
      "offset-sm",
      "offset-xl",
      "order",
      "order-lg",
      "order-md",
      "order-sm",
      "order-xl",
      "sm",
      "tag",
      "xl"
    ],
    "description": ""
  },
  "v-row": {
    "attributes": [
      "align",
      "align-content",
      "align-content-lg",
      "align-content-md",
      "align-content-sm",
      "align-content-xl",
      "align-lg",
      "align-md",
      "align-sm",
      "align-xl",
      "dense",
      "justify",
      "justify-lg",
      "justify-md",
      "justify-sm",
      "justify-xl",
      "no-gutters",
      "tag"
    ],
    "description": ""
  },
  "v-spacer": {
    "attributes": [],
    "description": ""
  },
  "v-layout": {
    "attributes": [
      "align-baseline",
      "align-center",
      "align-content-center",
      "align-content-end",
      "align-content-space-around",
      "align-content-space-between",
      "align-content-start",
      "align-end",
      "align-start",
      "column",
      "d-{type}",
      "fill-height",
      "id",
      "justify-center",
      "justify-end",
      "justify-space-around",
      "justify-space-between",
      "justify-start",
      "reverse",
      "row",
      "tag",
      "wrap"
    ],
    "description": ""
  },
  "v-flex": {
    "attributes": [
      "(size)(1-12)",
      "align-self-baseline",
      "align-self-center",
      "align-self-end",
      "align-self-start",
      "grow",
      "id",
      "offset-(size)(0-12)",
      "order-(size)(1-12)",
      "shrink",
      "tag"
    ],
    "description": ""
  },
  "v-hover": {
    "attributes": [
      "close-delay",
      "disabled",
      "open-delay",
      "value"
    ],
    "description": ""
  },
  "v-icon": {
    "attributes": [
      "color",
      "dark",
      "dense",
      "disabled",
      "large",
      "left",
      "light",
      "right",
      "size",
      "small",
      "tag",
      "x-large",
      "x-small"
    ],
    "description": ""
  },
  "v-img": {
    "attributes": [
      "alt",
      "aspect-ratio",
      "contain",
      "content-class",
      "dark",
      "eager",
      "gradient",
      "height",
      "lazy-src",
      "light",
      "max-height",
      "max-width",
      "min-height",
      "min-width",
      "options",
      "position",
      "sizes",
      "src",
      "srcset",
      "transition",
      "width"
    ],
    "description": ""
  },
  "v-input": {
    "attributes": [
      "append-icon",
      "background-color",
      "color",
      "dark",
      "dense",
      "disabled",
      "error",
      "error-count",
      "error-messages",
      "height",
      "hide-details",
      "hint",
      "id",
      "label",
      "light",
      "loading",
      "messages",
      "persistent-hint",
      "prepend-icon",
      "readonly",
      "rules",
      "success",
      "success-messages",
      "validate-on-blur",
      "value"
    ],
    "description": ""
  },
  "v-item": {
    "attributes": [
      "active-class",
      "disabled",
      "value"
    ],
    "description": ""
  },
  "v-item-group": {
    "attributes": [
      "active-class",
      "dark",
      "light",
      "mandatory",
      "max",
      "multiple",
      "tag",
      "value"
    ],
    "description": ""
  },
  "v-lazy": {
    "attributes": [
      "height",
      "max-height",
      "max-width",
      "min-height",
      "min-width",
      "options",
      "tag",
      "transition",
      "value",
      "width"
    ],
    "description": ""
  },
  "v-list-item-action-text": {
    "attributes": [],
    "description": ""
  },
  "v-list-item-content": {
    "attributes": [],
    "description": ""
  },
  "v-list-item-title": {
    "attributes": [],
    "description": ""
  },
  "v-list-item-subtitle": {
    "attributes": [],
    "description": ""
  },
  "v-list": {
    "attributes": [
      "color",
      "dark",
      "dense",
      "disabled",
      "elevation",
      "expand",
      "flat",
      "height",
      "light",
      "max-height",
      "max-width",
      "min-height",
      "min-width",
      "nav",
      "outlined",
      "rounded",
      "shaped",
      "subheader",
      "tag",
      "three-line",
      "tile",
      "two-line",
      "width"
    ],
    "description": ""
  },
  "v-list-group": {
    "attributes": [
      "active-class",
      "append-icon",
      "color",
      "disabled",
      "eager",
      "group",
      "no-action",
      "prepend-icon",
      "ripple",
      "sub-group",
      "value"
    ],
    "description": ""
  },
  "v-list-item": {
    "attributes": [
      "active-class",
      "append",
      "color",
      "dark",
      "dense",
      "disabled",
      "exact",
      "exact-active-class",
      "href",
      "inactive",
      "input-value",
      "light",
      "link",
      "nuxt",
      "replace",
      "ripple",
      "selectable",
      "tag",
      "target",
      "three-line",
      "to",
      "two-line",
      "value"
    ],
    "description": ""
  },
  "v-list-item-action": {
    "attributes": [],
    "description": ""
  },
  "v-list-item-avatar": {
    "attributes": [
      "color",
      "height",
      "horizontal",
      "left",
      "max-height",
      "max-width",
      "min-height",
      "min-width",
      "right",
      "rounded",
      "size",
      "tile",
      "width"
    ],
    "description": ""
  },
  "v-list-item-icon": {
    "attributes": [],
    "description": ""
  },
  "v-list-item-group": {
    "attributes": [
      "active-class",
      "color",
      "dark",
      "light",
      "mandatory",
      "max",
      "multiple",
      "tag",
      "value"
    ],
    "description": ""
  },
  "v-main": {
    "attributes": [
      "tag"
    ],
    "description": ""
  },
  "v-menu": {
    "attributes": [
      "absolute",
      "activator",
      "allow-overflow",
      "attach",
      "auto",
      "bottom",
      "close-delay",
      "close-on-click",
      "close-on-content-click",
      "content-class",
      "dark",
      "disable-keys",
      "disabled",
      "eager",
      "fixed",
      "internal-activator",
      "left",
      "light",
      "max-height",
      "max-width",
      "min-width",
      "nudge-bottom",
      "nudge-left",
      "nudge-right",
      "nudge-top",
      "nudge-width",
      "offset-overflow",
      "offset-x",
      "offset-y",
      "open-delay",
      "open-on-click",
      "open-on-focus",
      "open-on-hover",
      "origin",
      "position-x",
      "position-y",
      "return-value",
      "right",
      "rounded",
      "tile",
      "top",
      "transition",
      "value",
      "z-index"
    ],
    "description": ""
  },
  "v-navigation-drawer": {
    "attributes": [
      "absolute",
      "app",
      "bottom",
      "clipped",
      "color",
      "dark",
      "disable-resize-watcher",
      "disable-route-watcher",
      "expand-on-hover",
      "fixed",
      "floating",
      "height",
      "hide-overlay",
      "light",
      "mini-variant",
      "mini-variant-width",
      "mobile-breakpoint",
      "overlay-color",
      "overlay-opacity",
      "permanent",
      "right",
      "src",
      "stateless",
      "tag",
      "temporary",
      "touchless",
      "value",
      "width"
    ],
    "description": ""
  },
  "v-overflow-btn": {
    "attributes": [
      "allow-overflow",
      "append-icon",
      "append-outer-icon",
      "attach",
      "auto-select-first",
      "autofocus",
      "background-color",
      "cache-items",
      "chips",
      "clear-icon",
      "clearable",
      "color",
      "counter",
      "counter-value",
      "dark",
      "deletable-chips",
      "dense",
      "disable-lookup",
      "disabled",
      "eager",
      "editable",
      "error",
      "error-count",
      "error-messages",
      "filled",
      "filter",
      "flat",
      "full-width",
      "height",
      "hide-details",
      "hide-no-data",
      "hide-selected",
      "hint",
      "id",
      "item-color",
      "item-disabled",
      "item-text",
      "item-value",
      "items",
      "label",
      "light",
      "loader-height",
      "loading",
      "menu-props",
      "messages",
      "multiple",
      "no-data-text",
      "no-filter",
      "open-on-clear",
      "outlined",
      "persistent-hint",
      "placeholder",
      "prefix",
      "prepend-icon",
      "prepend-inner-icon",
      "readonly",
      "return-object",
      "reverse",
      "rounded",
      "rules",
      "search-input",
      "segmented",
      "shaped",
      "single-line",
      "small-chips",
      "solo",
      "solo-inverted",
      "success",
      "success-messages",
      "suffix",
      "type",
      "validate-on-blur",
      "value",
      "value-comparator"
    ],
    "description": ""
  },
  "v-overlay": {
    "attributes": [
      "absolute",
      "color",
      "dark",
      "light",
      "opacity",
      "value",
      "z-index"
    ],
    "description": ""
  },
  "v-pagination": {
    "attributes": [
      "circle",
      "color",
      "current-page-aria-label",
      "dark",
      "disabled",
      "length",
      "light",
      "next-aria-label",
      "next-icon",
      "page-aria-label",
      "prev-icon",
      "previous-aria-label",
      "total-visible",
      "value",
      "wrapper-aria-label"
    ],
    "description": ""
  },
  "v-sheet": {
    "attributes": [
      "color",
      "dark",
      "elevation",
      "height",
      "light",
      "max-height",
      "max-width",
      "min-height",
      "min-width",
      "outlined",
      "rounded",
      "shaped",
      "tag",
      "tile",
      "width"
    ],
    "description": ""
  },
  "v-parallax": {
    "attributes": [
      "alt",
      "height",
      "src",
      "srcset"
    ],
    "description": ""
  },
  "v-progress-circular": {
    "attributes": [
      "button",
      "color",
      "indeterminate",
      "rotate",
      "size",
      "value",
      "width"
    ],
    "description": ""
  },
  "v-progress-linear": {
    "attributes": [
      "absolute",
      "active",
      "background-color",
      "background-opacity",
      "bottom",
      "buffer-value",
      "color",
      "dark",
      "fixed",
      "height",
      "indeterminate",
      "light",
      "query",
      "reverse",
      "rounded",
      "stream",
      "striped",
      "top",
      "value"
    ],
    "description": ""
  },
  "v-radio-group": {
    "attributes": [
      "active-class",
      "append-icon",
      "background-color",
      "column",
      "dark",
      "dense",
      "disabled",
      "error",
      "error-count",
      "error-messages",
      "hide-details",
      "hint",
      "id",
      "label",
      "light",
      "mandatory",
      "max",
      "messages",
      "multiple",
      "name",
      "persistent-hint",
      "prepend-icon",
      "readonly",
      "row",
      "rules",
      "success",
      "success-messages",
      "tag",
      "validate-on-blur",
      "value",
      "value-comparator"
    ],
    "description": ""
  },
  "v-radio": {
    "attributes": [
      "active-class",
      "color",
      "dark",
      "disabled",
      "id",
      "label",
      "light",
      "name",
      "off-icon",
      "on-icon",
      "readonly",
      "ripple",
      "value"
    ],
    "description": ""
  },
  "v-range-slider": {
    "attributes": [
      "append-icon",
      "background-color",
      "color",
      "dark",
      "dense",
      "disabled",
      "error",
      "error-count",
      "error-messages",
      "height",
      "hide-details",
      "hint",
      "id",
      "inverse-label",
      "label",
      "light",
      "loader-height",
      "loading",
      "max",
      "messages",
      "min",
      "persistent-hint",
      "prepend-icon",
      "readonly",
      "rules",
      "step",
      "success",
      "success-messages",
      "thumb-color",
      "thumb-label",
      "thumb-size",
      "tick-labels",
      "tick-size",
      "ticks",
      "track-color",
      "track-fill-color",
      "validate-on-blur",
      "value",
      "vertical"
    ],
    "description": ""
  },
  "v-rating": {
    "attributes": [
      "background-color",
      "clearable",
      "close-delay",
      "color",
      "dark",
      "dense",
      "empty-icon",
      "full-icon",
      "half-icon",
      "half-increments",
      "hover",
      "icon-label",
      "large",
      "length",
      "light",
      "open-delay",
      "readonly",
      "ripple",
      "size",
      "small",
      "value",
      "x-large",
      "x-small"
    ],
    "description": ""
  },
  "v-responsive": {
    "attributes": [
      "aspect-ratio",
      "content-class",
      "height",
      "max-height",
      "max-width",
      "min-height",
      "min-width",
      "width"
    ],
    "description": ""
  },
  "v-select": {
    "attributes": [
      "append-icon",
      "append-outer-icon",
      "attach",
      "autofocus",
      "background-color",
      "cache-items",
      "chips",
      "clear-icon",
      "clearable",
      "color",
      "counter",
      "counter-value",
      "dark",
      "deletable-chips",
      "dense",
      "disable-lookup",
      "disabled",
      "eager",
      "error",
      "error-count",
      "error-messages",
      "filled",
      "flat",
      "full-width",
      "height",
      "hide-details",
      "hide-selected",
      "hint",
      "id",
      "item-color",
      "item-disabled",
      "item-text",
      "item-value",
      "items",
      "label",
      "light",
      "loader-height",
      "loading",
      "menu-props",
      "messages",
      "multiple",
      "no-data-text",
      "open-on-clear",
      "outlined",
      "persistent-hint",
      "placeholder",
      "prefix",
      "prepend-icon",
      "prepend-inner-icon",
      "readonly",
      "return-object",
      "reverse",
      "rounded",
      "rules",
      "shaped",
      "single-line",
      "small-chips",
      "solo",
      "solo-inverted",
      "success",
      "success-messages",
      "suffix",
      "type",
      "validate-on-blur",
      "value",
      "value-comparator"
    ],
    "description": ""
  },
  "v-skeleton-loader": {
    "attributes": [
      "boilerplate",
      "dark",
      "elevation",
      "height",
      "light",
      "loading",
      "max-height",
      "max-width",
      "min-height",
      "min-width",
      "tile",
      "transition",
      "type",
      "types",
      "width"
    ],
    "description": ""
  },
  "v-slider": {
    "attributes": [
      "append-icon",
      "background-color",
      "color",
      "dark",
      "dense",
      "disabled",
      "error",
      "error-count",
      "error-messages",
      "height",
      "hide-details",
      "hint",
      "id",
      "inverse-label",
      "label",
      "light",
      "loader-height",
      "loading",
      "max",
      "messages",
      "min",
      "persistent-hint",
      "prepend-icon",
      "readonly",
      "rules",
      "step",
      "success",
      "success-messages",
      "thumb-color",
      "thumb-label",
      "thumb-size",
      "tick-labels",
      "tick-size",
      "ticks",
      "track-color",
      "track-fill-color",
      "validate-on-blur",
      "value",
      "vertical"
    ],
    "description": ""
  },
  "v-slide-group": {
    "attributes": [
      "active-class",
      "center-active",
      "dark",
      "light",
      "mandatory",
      "max",
      "mobile-breakpoint",
      "multiple",
      "next-icon",
      "prev-icon",
      "show-arrows",
      "tag",
      "value"
    ],
    "description": ""
  },
  "v-slide-item": {
    "attributes": [
      "active-class",
      "disabled",
      "value"
    ],
    "description": ""
  },
  "v-snackbar": {
    "attributes": [
      "absolute",
      "app",
      "bottom",
      "centered",
      "color",
      "content-class",
      "dark",
      "elevation",
      "height",
      "left",
      "light",
      "max-height",
      "max-width",
      "min-height",
      "min-width",
      "multi-line",
      "outlined",
      "right",
      "rounded",
      "shaped",
      "tag",
      "text",
      "tile",
      "timeout",
      "top",
      "transition",
      "value",
      "vertical",
      "width"
    ],
    "description": ""
  },
  "v-sparkline": {
    "attributes": [
      "auto-draw",
      "auto-draw-duration",
      "auto-draw-easing",
      "auto-line-width",
      "color",
      "fill",
      "gradient",
      "gradient-direction",
      "height",
      "label-size",
      "labels",
      "line-width",
      "padding",
      "show-labels",
      "smooth",
      "type",
      "value",
      "width"
    ],
    "description": ""
  },
  "v-speed-dial": {
    "attributes": [
      "absolute",
      "bottom",
      "direction",
      "fixed",
      "left",
      "mode",
      "open-on-hover",
      "origin",
      "right",
      "top",
      "transition",
      "value"
    ],
    "description": ""
  },
  "v-stepper": {
    "attributes": [
      "alt-labels",
      "dark",
      "light",
      "non-linear",
      "value",
      "vertical"
    ],
    "description": ""
  },
  "v-stepper-content": {
    "attributes": [
      "step"
    ],
    "description": ""
  },
  "v-stepper-step": {
    "attributes": [
      "color",
      "complete",
      "complete-icon",
      "edit-icon",
      "editable",
      "error-icon",
      "rules",
      "step"
    ],
    "description": ""
  },
  "v-stepper-header": {
    "attributes": [],
    "description": ""
  },
  "v-stepper-items": {
    "attributes": [],
    "description": ""
  },
  "v-subheader": {
    "attributes": [
      "dark",
      "inset",
      "light"
    ],
    "description": ""
  },
  "v-switch": {
    "attributes": [
      "append-icon",
      "background-color",
      "color",
      "dark",
      "dense",
      "disabled",
      "error",
      "error-count",
      "error-messages",
      "false-value",
      "flat",
      "hide-details",
      "hint",
      "id",
      "input-value",
      "inset",
      "label",
      "light",
      "loading",
      "messages",
      "multiple",
      "persistent-hint",
      "prepend-icon",
      "readonly",
      "ripple",
      "rules",
      "success",
      "success-messages",
      "true-value",
      "validate-on-blur",
      "value",
      "value-comparator"
    ],
    "description": ""
  },
  "v-system-bar": {
    "attributes": [
      "absolute",
      "app",
      "color",
      "dark",
      "fixed",
      "height",
      "light",
      "lights-out",
      "window"
    ],
    "description": ""
  },
  "v-tabs": {
    "attributes": [
      "active-class",
      "align-with-title",
      "background-color",
      "center-active",
      "centered",
      "color",
      "dark",
      "fixed-tabs",
      "grow",
      "height",
      "hide-slider",
      "icons-and-text",
      "light",
      "mobile-breakpoint",
      "next-icon",
      "optional",
      "prev-icon",
      "right",
      "show-arrows",
      "slider-color",
      "slider-size",
      "value",
      "vertical"
    ],
    "description": ""
  },
  "v-tab": {
    "attributes": [
      "active-class",
      "append",
      "dark",
      "disabled",
      "exact",
      "exact-active-class",
      "href",
      "light",
      "link",
      "nuxt",
      "replace",
      "ripple",
      "tag",
      "target",
      "to"
    ],
    "description": ""
  },
  "v-tab-item": {
    "attributes": [
      "active-class",
      "disabled",
      "eager",
      "id",
      "reverse-transition",
      "transition",
      "value"
    ],
    "description": ""
  },
  "v-tabs-items": {
    "attributes": [
      "active-class",
      "continuous",
      "dark",
      "light",
      "mandatory",
      "max",
      "multiple",
      "next-icon",
      "prev-icon",
      "reverse",
      "show-arrows",
      "show-arrows-on-hover",
      "tag",
      "touch",
      "touchless",
      "value",
      "vertical"
    ],
    "description": ""
  },
  "v-tabs-slider": {
    "attributes": [
      "color"
    ],
    "description": ""
  },
  "v-textarea": {
    "attributes": [
      "append-icon",
      "append-outer-icon",
      "auto-grow",
      "autofocus",
      "background-color",
      "clear-icon",
      "clearable",
      "color",
      "counter",
      "counter-value",
      "dark",
      "dense",
      "disabled",
      "error",
      "error-count",
      "error-messages",
      "filled",
      "flat",
      "full-width",
      "height",
      "hide-details",
      "hint",
      "id",
      "label",
      "light",
      "loader-height",
      "loading",
      "messages",
      "no-resize",
      "outlined",
      "persistent-hint",
      "placeholder",
      "prefix",
      "prepend-icon",
      "prepend-inner-icon",
      "readonly",
      "reverse",
      "rounded",
      "row-height",
      "rows",
      "rules",
      "shaped",
      "single-line",
      "solo",
      "solo-inverted",
      "success",
      "success-messages",
      "suffix",
      "type",
      "validate-on-blur",
      "value"
    ],
    "description": ""
  },
  "v-text-field": {
    "attributes": [
      "append-icon",
      "append-outer-icon",
      "autofocus",
      "background-color",
      "clear-icon",
      "clearable",
      "color",
      "counter",
      "counter-value",
      "dark",
      "dense",
      "disabled",
      "error",
      "error-count",
      "error-messages",
      "filled",
      "flat",
      "full-width",
      "height",
      "hide-details",
      "hint",
      "id",
      "label",
      "light",
      "loader-height",
      "loading",
      "messages",
      "outlined",
      "persistent-hint",
      "placeholder",
      "prefix",
      "prepend-icon",
      "prepend-inner-icon",
      "readonly",
      "reverse",
      "rounded",
      "rules",
      "shaped",
      "single-line",
      "solo",
      "solo-inverted",
      "success",
      "success-messages",
      "suffix",
      "type",
      "validate-on-blur",
      "value"
    ],
    "description": ""
  },
  "v-theme-provider": {
    "attributes": [
      "dark",
      "light",
      "root"
    ],
    "description": ""
  },
  "v-timeline": {
    "attributes": [
      "align-top",
      "dark",
      "dense",
      "light",
      "reverse"
    ],
    "description": ""
  },
  "v-timeline-item": {
    "attributes": [
      "color",
      "dark",
      "fill-dot",
      "hide-dot",
      "icon",
      "icon-color",
      "large",
      "left",
      "light",
      "right",
      "small"
    ],
    "description": ""
  },
  "v-time-picker": {
    "attributes": [
      "allowed-hours",
      "allowed-minutes",
      "allowed-seconds",
      "ampm-in-title",
      "color",
      "dark",
      "disabled",
      "elevation",
      "flat",
      "format",
      "full-width",
      "header-color",
      "landscape",
      "light",
      "max",
      "min",
      "no-title",
      "readonly",
      "scrollable",
      "use-seconds",
      "value",
      "width"
    ],
    "description": ""
  },
  "v-toolbar": {
    "attributes": [
      "absolute",
      "bottom",
      "collapse",
      "color",
      "dark",
      "dense",
      "elevation",
      "extended",
      "extension-height",
      "flat",
      "floating",
      "height",
      "light",
      "max-height",
      "max-width",
      "min-height",
      "min-width",
      "outlined",
      "prominent",
      "rounded",
      "shaped",
      "short",
      "src",
      "tag",
      "tile",
      "width"
    ],
    "description": ""
  },
  "v-toolbar-items": {
    "attributes": [],
    "description": ""
  },
  "v-toolbar-title": {
    "attributes": [],
    "description": ""
  },
  "v-tooltip": {
    "attributes": [
      "absolute",
      "activator",
      "allow-overflow",
      "attach",
      "bottom",
      "close-delay",
      "color",
      "content-class",
      "disabled",
      "eager",
      "fixed",
      "internal-activator",
      "left",
      "max-width",
      "min-width",
      "nudge-bottom",
      "nudge-left",
      "nudge-right",
      "nudge-top",
      "nudge-width",
      "offset-overflow",
      "open-delay",
      "open-on-click",
      "open-on-focus",
      "open-on-hover",
      "position-x",
      "position-y",
      "right",
      "tag",
      "top",
      "transition",
      "value",
      "z-index"
    ],
    "description": ""
  },
  "v-treeview": {
    "attributes": [
      "activatable",
      "active",
      "active-class",
      "color",
      "dark",
      "dense",
      "expand-icon",
      "filter",
      "hoverable",
      "indeterminate-icon",
      "item-children",
      "item-disabled",
      "item-key",
      "item-text",
      "items",
      "light",
      "load-children",
      "loading-icon",
      "multiple-active",
      "off-icon",
      "on-icon",
      "open",
      "open-all",
      "open-on-click",
      "return-object",
      "rounded",
      "search",
      "selectable",
      "selected-color",
      "selection-type",
      "shaped",
      "transition",
      "value"
    ],
    "description": ""
  },
  "v-virtual-scroll": {
    "attributes": [
      "bench",
      "height",
      "item-height",
      "items",
      "max-height",
      "max-width",
      "min-height",
      "min-width",
      "width"
    ],
    "description": ""
  },
  "v-window": {
    "attributes": [
      "active-class",
      "continuous",
      "dark",
      "light",
      "next-icon",
      "prev-icon",
      "reverse",
      "show-arrows",
      "show-arrows-on-hover",
      "tag",
      "touch",
      "touchless",
      "value",
      "vertical"
    ],
    "description": ""
  },
  "v-window-item": {
    "attributes": [
      "active-class",
      "disabled",
      "eager",
      "reverse-transition",
      "transition",
      "value"
    ],
    "description": ""
  },
  "v-carousel-transition": {
    "attributes": [
      "group",
      "hide-on-leave",
      "leave-absolute",
      "mode",
      "origin"
    ],
    "description": ""
  },
  "v-carousel-reverse-transition": {
    "attributes": [
      "group",
      "hide-on-leave",
      "leave-absolute",
      "mode",
      "origin"
    ],
    "description": ""
  },
  "v-tab-transition": {
    "attributes": [
      "group",
      "hide-on-leave",
      "leave-absolute",
      "mode",
      "origin"
    ],
    "description": ""
  },
  "v-tab-reverse-transition": {
    "attributes": [
      "group",
      "hide-on-leave",
      "leave-absolute",
      "mode",
      "origin"
    ],
    "description": ""
  },
  "v-menu-transition": {
    "attributes": [
      "group",
      "hide-on-leave",
      "leave-absolute",
      "mode",
      "origin"
    ],
    "description": ""
  },
  "v-fab-transition": {
    "attributes": [
      "group",
      "hide-on-leave",
      "leave-absolute",
      "mode",
      "origin"
    ],
    "description": ""
  },
  "v-dialog-transition": {
    "attributes": [
      "group",
      "hide-on-leave",
      "leave-absolute",
      "mode",
      "origin"
    ],
    "description": ""
  },
  "v-dialog-bottom-transition": {
    "attributes": [
      "group",
      "hide-on-leave",
      "leave-absolute",
      "mode",
      "origin"
    ],
    "description": ""
  },
  "v-dialog-top-transition": {
    "attributes": [
      "group",
      "hide-on-leave",
      "leave-absolute",
      "mode",
      "origin"
    ],
    "description": ""
  },
  "v-fade-transition": {
    "attributes": [
      "group",
      "hide-on-leave",
      "leave-absolute",
      "mode",
      "origin"
    ],
    "description": ""
  },
  "v-scale-transition": {
    "attributes": [
      "group",
      "hide-on-leave",
      "leave-absolute",
      "mode",
      "origin"
    ],
    "description": ""
  },
  "v-scroll-x-transition": {
    "attributes": [
      "group",
      "hide-on-leave",
      "leave-absolute",
      "mode",
      "origin"
    ],
    "description": ""
  },
  "v-scroll-x-reverse-transition": {
    "attributes": [
      "group",
      "hide-on-leave",
      "leave-absolute",
      "mode",
      "origin"
    ],
    "description": ""
  },
  "v-scroll-y-transition": {
    "attributes": [
      "group",
      "hide-on-leave",
      "leave-absolute",
      "mode",
      "origin"
    ],
    "description": ""
  },
  "v-scroll-y-reverse-transition": {
    "attributes": [
      "group",
      "hide-on-leave",
      "leave-absolute",
      "mode",
      "origin"
    ],
    "description": ""
  },
  "v-slide-x-transition": {
    "attributes": [
      "group",
      "hide-on-leave",
      "leave-absolute",
      "mode",
      "origin"
    ],
    "description": ""
  },
  "v-slide-x-reverse-transition": {
    "attributes": [
      "group",
      "hide-on-leave",
      "leave-absolute",
      "mode",
      "origin"
    ],
    "description": ""
  },
  "v-slide-y-transition": {
    "attributes": [
      "group",
      "hide-on-leave",
      "leave-absolute",
      "mode",
      "origin"
    ],
    "description": ""
  },
  "v-slide-y-reverse-transition": {
    "attributes": [
      "group",
      "hide-on-leave",
      "leave-absolute",
      "mode",
      "origin"
    ],
    "description": ""
  },
  "v-expand-transition": {
    "attributes": [
      "mode"
    ],
    "description": ""
  },
  "v-expand-x-transition": {
    "attributes": [
      "mode"
    ],
    "description": ""
  }
}