{
  "v-app": {
    "attributes": [
      "_as",
      "full-height",
      "overlaps",
      "theme"
    ],
    "description": ""
  },
  "v-app-bar": {
    "attributes": [
      "_as",
      "absolute",
      "border",
      "collapse",
      "color",
      "density",
      "elevation",
      "extended",
      "extension-height",
      "flat",
      "floating",
      "height",
      "image",
      "model-value",
      "name",
      "position",
      "priority",
      "rounded",
      "tag",
      "theme",
      "title"
    ],
    "description": ""
  },
  "v-app-bar-nav-icon": {
    "attributes": [
      "_as",
      "icon"
    ],
    "description": ""
  },
  "v-app-bar-title": {
    "attributes": [
      "_as",
      "tag",
      "text"
    ],
    "description": ""
  },
  "v-alert": {
    "attributes": [
      "_as",
      "absolute",
      "border",
      "border-color",
      "bottom",
      "closable",
      "close-icon",
      "close-label",
      "color",
      "density",
      "elevation",
      "fixed",
      "height",
      "icon",
      "left",
      "max-height",
      "max-width",
      "min-height",
      "min-width",
      "model-value",
      "position",
      "prominent",
      "right",
      "rounded",
      "tag",
      "text",
      "theme",
      "title",
      "top",
      "type",
      "variant",
      "width"
    ],
    "description": ""
  },
  "v-alert-title": {
    "attributes": [
      "_as",
      "tag"
    ],
    "description": ""
  },
  "v-autocomplete": {
    "attributes": [
      "_as",
      "chips",
      "closable-chips",
      "custom-filter",
      "custom-key-filter",
      "eager",
      "filter-keys",
      "filter-mode",
      "hide-no-data",
      "hide-selected",
      "items",
      "menu-icon",
      "model-value",
      "multiple",
      "no-data-text",
      "no-filter",
      "open-on-clear",
      "search",
      "transition"
    ],
    "description": ""
  },
  "v-avatar": {
    "attributes": [
      "_as",
      "color",
      "density",
      "end",
      "icon",
      "image",
      "rounded",
      "size",
      "start",
      "tag"
    ],
    "description": ""
  },
  "v-badge": {
    "attributes": [
      "_as",
      "bordered",
      "color",
      "content",
      "dot",
      "floating",
      "icon",
      "inline",
      "label",
      "location",
      "max",
      "model-value",
      "offset-x",
      "offset-y",
      "rounded",
      "tag",
      "text-color",
      "theme",
      "transition"
    ],
    "description": ""
  },
  "v-banner": {
    "attributes": [
      "_as",
      "absolute",
      "avatar",
      "border",
      "bottom",
      "color",
      "density",
      "elevation",
      "fixed",
      "height",
      "icon",
      "left",
      "lines",
      "max-height",
      "max-width",
      "min-height",
      "min-width",
      "position",
      "right",
      "rounded",
      "stacked",
      "sticky",
      "tag",
      "text",
      "theme",
      "top",
      "width"
    ],
    "description": ""
  },
  "v-banner-actions": {
    "attributes": [
      "_as",
      "color",
      "density"
    ],
    "description": ""
  },
  "v-banner-avatar": {
    "attributes": [
      "_as",
      "color",
      "density",
      "end",
      "icon",
      "image",
      "rounded",
      "size",
      "start",
      "tag"
    ],
    "description": ""
  },
  "v-banner-icon": {
    "attributes": [
      "_as",
      "color",
      "density",
      "end",
      "icon",
      "image",
      "rounded",
      "size",
      "start",
      "tag"
    ],
    "description": ""
  },
  "v-banner-text": {
    "attributes": [
      "_as",
      "tag"
    ],
    "description": ""
  },
  "v-bottom-navigation": {
    "attributes": [
      "_as",
      "absolute",
      "bg-color",
      "border",
      "color",
      "density",
      "disabled",
      "elevation",
      "grow",
      "height",
      "mandatory",
      "max",
      "mode",
      "model-value",
      "multiple",
      "name",
      "priority",
      "rounded",
      "selected-class",
      "tag",
      "theme"
    ],
    "description": ""
  },
  "v-breadcrumbs": {
    "attributes": [
      "_as",
      "active-class",
      "active-color",
      "bg-color",
      "color",
      "density",
      "disabled",
      "divider",
      "icon",
      "items",
      "rounded",
      "tag"
    ],
    "description": ""
  },
  "v-breadcrumbs-item": {
    "attributes": [
      "_as",
      "active",
      "active-class",
      "active-color",
      "color",
      "disabled",
      "href",
      "replace",
      "tag",
      "text",
      "to"
    ],
    "description": ""
  },
  "v-breadcrumbs-divider": {
    "attributes": [
      "_as",
      "tag"
    ],
    "description": ""
  },
  "v-btn": {
    "attributes": [
      "_as",
      "absolute",
      "append-icon",
      "block",
      "border",
      "bottom",
      "color",
      "density",
      "disabled",
      "elevation",
      "fixed",
      "flat",
      "height",
      "href",
      "icon",
      "left",
      "max-height",
      "max-width",
      "min-height",
      "min-width",
      "position",
      "prepend-icon",
      "replace",
      "right",
      "ripple",
      "rounded",
      "selected-class",
      "size",
      "stacked",
      "symbol",
      "tag",
      "theme",
      "to",
      "top",
      "value",
      "variant",
      "width"
    ],
    "description": ""
  },
  "v-btn-group": {
    "attributes": [
      "_as",
      "border",
      "color",
      "density",
      "divided",
      "elevation",
      "rounded",
      "tag",
      "theme",
      "variant"
    ],
    "description": ""
  },
  "v-btn-toggle": {
    "attributes": [
      "_as",
      "disabled",
      "mandatory",
      "max",
      "model-value",
      "multiple",
      "selected-class"
    ],
    "description": ""
  },
  "v-card": {
    "attributes": [
      "_as",
      "absolute",
      "append-avatar",
      "append-icon",
      "border",
      "bottom",
      "color",
      "density",
      "disabled",
      "elevation",
      "fixed",
      "flat",
      "height",
      "hover",
      "href",
      "image",
      "left",
      "link",
      "max-height",
      "max-width",
      "min-height",
      "min-width",
      "position",
      "prepend-avatar",
      "prepend-icon",
      "replace",
      "right",
      "ripple",
      "rounded",
      "subtitle",
      "tag",
      "text",
      "theme",
      "title",
      "to",
      "top",
      "variant",
      "width"
    ],
    "description": ""
  },
  "v-card-actions": {
    "attributes": [
      "_as"
    ],
    "description": ""
  },
  "v-card-avatar": {
    "attributes": [
      "_as",
      "tag"
    ],
    "description": ""
  },
  "v-card-content": {
    "attributes": [
      "_as",
      "tag"
    ],
    "description": ""
  },
  "v-card-header": {
    "attributes": [
      "_as",
      "tag"
    ],
    "description": ""
  },
  "v-card-header-text": {
    "attributes": [
      "_as",
      "tag"
    ],
    "description": ""
  },
  "v-card-img": {
    "attributes": [
      "_as",
      "tag"
    ],
    "description": ""
  },
  "v-card-subtitle": {
    "attributes": [
      "_as",
      "tag"
    ],
    "description": ""
  },
  "v-card-text": {
    "attributes": [
      "_as",
      "tag"
    ],
    "description": ""
  },
  "v-card-title": {
    "attributes": [
      "_as",
      "tag"
    ],
    "description": ""
  },
  "v-carousel": {
    "attributes": [
      "_as",
      "color",
      "cycle",
      "delimiter-icon",
      "height",
      "hide-delimiter-background",
      "hide-delimiters",
      "interval",
      "model-value",
      "progress",
      "show-arrows",
      "vertical-delimiters"
    ],
    "description": ""
  },
  "v-carousel-item": {
    "attributes": [
      "_as",
      "value"
    ],
    "description": ""
  },
  "v-checkbox": {
    "attributes": [
      "_as",
      "append-icon",
      "color",
      "density",
      "direction",
      "disabled",
      "error",
      "error-messages",
      "false-icon",
      "false-value",
      "hide-details",
      "id",
      "indeterminate",
      "indeterminate-icon",
      "inline",
      "label",
      "max-errors",
      "messages",
      "model-value",
      "multiple",
      "name",
      "prepend-icon",
      "readonly",
      "ripple",
      "rules",
      "theme",
      "true-icon",
      "true-value",
      "type",
      "value",
      "value-comparator"
    ],
    "description": ""
  },
  "v-chip": {
    "attributes": [
      "_as",
      "active-class",
      "append-avatar",
      "append-icon",
      "border",
      "closable",
      "close-icon",
      "close-label",
      "color",
      "density",
      "disabled",
      "draggable",
      "elevation",
      "filter",
      "filter-icon",
      "href",
      "label",
      "link",
      "model-value",
      "pill",
      "prepend-avatar",
      "prepend-icon",
      "replace",
      "ripple",
      "rounded",
      "selected-class",
      "size",
      "tag",
      "text",
      "theme",
      "to",
      "value",
      "variant"
    ],
    "description": ""
  },
  "v-chip-group": {
    "attributes": [
      "_as",
      "color",
      "column",
      "disabled",
      "filter",
      "mandatory",
      "max",
      "model-value",
      "multiple",
      "selected-class",
      "tag",
      "theme",
      "value-comparator",
      "variant"
    ],
    "description": ""
  },
  "v-code": {
    "attributes": [
      "_as",
      "tag"
    ],
    "description": ""
  },
  "v-color-picker": {
    "attributes": [
      "_as",
      "canvas-height",
      "disabled",
      "dot-size",
      "elevation",
      "hide-canvas",
      "hide-inputs",
      "hide-sliders",
      "mode",
      "model-value",
      "modes",
      "rounded",
      "show-swatches",
      "swatches",
      "swatches-max-height",
      "theme",
      "width"
    ],
    "description": ""
  },
  "v-combobox": {
    "attributes": [
      "_as",
      "chips",
      "closable-chips",
      "custom-filter",
      "custom-key-filter",
      "delimiters",
      "eager",
      "filter-keys",
      "filter-mode",
      "hide-no-data",
      "hide-selected",
      "items",
      "menu-icon",
      "model-value",
      "multiple",
      "no-data-text",
      "no-filter",
      "open-on-clear",
      "transition"
    ],
    "description": ""
  },
  "v-defaults-provider": {
    "attributes": [
      "defaults",
      "reset",
      "root",
      "scoped"
    ],
    "description": ""
  },
  "v-dialog": {
    "attributes": [
      "_as",
      "fullscreen",
      "height",
      "max-height",
      "max-width",
      "min-height",
      "min-width",
      "model-value",
      "origin",
      "retain-focus",
      "scrollable",
      "transition",
      "width"
    ],
    "description": ""
  },
  "v-divider": {
    "attributes": [
      "_as",
      "color",
      "inset",
      "length",
      "theme",
      "thickness",
      "vertical"
    ],
    "description": ""
  },
  "v-expansion-panels": {
    "attributes": [
      "_as",
      "color",
      "disabled",
      "mandatory",
      "max",
      "model-value",
      "multiple",
      "selected-class",
      "tag",
      "theme",
      "variant"
    ],
    "description": ""
  },
  "v-expansion-panel": {
    "attributes": [
      "_as",
      "bg-color",
      "collapse-icon",
      "color",
      "disabled",
      "eager",
      "elevation",
      "expand-icon",
      "hide-actions",
      "ripple",
      "rounded",
      "selected-class",
      "tag",
      "text",
      "title",
      "value"
    ],
    "description": ""
  },
  "v-expansion-panel-text": {
    "attributes": [
      "_as",
      "eager"
    ],
    "description": ""
  },
  "v-expansion-panel-title": {
    "attributes": [
      "_as",
      "collapse-icon",
      "color",
      "expand-icon",
      "hide-actions",
      "ripple"
    ],
    "description": ""
  },
  "v-field": {
    "attributes": [
      "_as",
      "active",
      "append-inner-icon",
      "bg-color",
      "clear-icon",
      "clearable",
      "color",
      "dirty",
      "disabled",
      "error",
      "focused",
      "id",
      "label",
      "loading",
      "persistent-clear",
      "prepend-inner-icon",
      "reverse",
      "single-line",
      "theme",
      "variant"
    ],
    "description": ""
  },
  "v-field-label": {
    "attributes": [
      "_as",
      "floating"
    ],
    "description": ""
  },
  "v-file-input": {
    "attributes": [
      "_as",
      "active",
      "append-icon",
      "append-inner-icon",
      "bg-color",
      "chips",
      "clear-icon",
      "clearable",
      "color",
      "counter",
      "counter-size-string",
      "counter-string",
      "density",
      "direction",
      "dirty",
      "disabled",
      "error",
      "error-messages",
      "hide-details",
      "hint",
      "id",
      "label",
      "loading",
      "max-errors",
      "messages",
      "model-value",
      "multiple",
      "name",
      "persistent-clear",
      "persistent-hint",
      "placeholder",
      "prepend-icon",
      "prepend-inner-icon",
      "readonly",
      "reverse",
      "rules",
      "show-size",
      "single-line",
      "theme",
      "variant"
    ],
    "description": ""
  },
  "v-footer": {
    "attributes": [
      "_as",
      "absolute",
      "border",
      "bottom",
      "color",
      "elevation",
      "fixed",
      "height",
      "left",
      "max-height",
      "max-width",
      "min-height",
      "min-width",
      "position",
      "right",
      "rounded",
      "tag",
      "theme",
      "top",
      "width"
    ],
    "description": ""
  },
  "v-form": {
    "attributes": [
      "_as",
      "disabled",
      "fast-fail",
      "lazy-validation",
      "model-value",
      "readonly"
    ],
    "description": ""
  },
  "v-container": {
    "attributes": [
      "_as",
      "fluid",
      "tag"
    ],
    "description": ""
  },
  "v-col": {
    "attributes": [
      "_as",
      "align-self",
      "cols",
      "lg",
      "md",
      "offset",
      "offset-lg",
      "offset-md",
      "offset-sm",
      "offset-xl",
      "offset-xxl",
      "order",
      "order-lg",
      "order-md",
      "order-sm",
      "order-xl",
      "order-xxl",
      "sm",
      "tag",
      "xl",
      "xxl"
    ],
    "description": ""
  },
  "v-row": {
    "attributes": [
      "_as",
      "align",
      "align-content",
      "align-content-lg",
      "align-content-md",
      "align-content-sm",
      "align-content-xl",
      "align-content-xxl",
      "align-lg",
      "align-md",
      "align-sm",
      "align-xl",
      "align-xxl",
      "dense",
      "justify",
      "justify-lg",
      "justify-md",
      "justify-sm",
      "justify-xl",
      "justify-xxl",
      "no-gutters",
      "tag"
    ],
    "description": ""
  },
  "v-spacer": {
    "attributes": [
      "_as",
      "tag"
    ],
    "description": ""
  },
  "v-hover": {
    "attributes": [
      "_as",
      "close-delay",
      "disabled",
      "model-value",
      "open-delay"
    ],
    "description": ""
  },
  "v-icon": {
    "attributes": [
      "_as",
      "color",
      "end",
      "icon",
      "size",
      "start",
      "tag",
      "theme"
    ],
    "description": ""
  },
  "v-img": {
    "attributes": [
      "_as",
      "alt",
      "aspect-ratio",
      "cover",
      "eager",
      "gradient",
      "lazy-src",
      "options",
      "sizes",
      "src",
      "srcset",
      "transition",
      "width"
    ],
    "description": ""
  },
  "v-input": {
    "attributes": [
      "_as",
      "append-icon",
      "density",
      "direction",
      "disabled",
      "error",
      "error-messages",
      "hide-details",
      "id",
      "max-errors",
      "messages",
      "model-value",
      "name",
      "prepend-icon",
      "readonly",
      "rules"
    ],
    "description": ""
  },
  "v-item-group": {
    "attributes": [
      "_as",
      "disabled",
      "mandatory",
      "max",
      "model-value",
      "multiple",
      "selected-class",
      "tag",
      "theme"
    ],
    "description": ""
  },
  "v-item": {
    "attributes": [
      "_as",
      "disabled",
      "selected-class",
      "value"
    ],
    "description": ""
  },
  "v-kbd": {
    "attributes": [
      "_as",
      "tag"
    ],
    "description": ""
  },
  "v-layout": {
    "attributes": [
      "_as",
      "full-height",
      "overlaps"
    ],
    "description": ""
  },
  "v-layout-item": {
    "attributes": [
      "_as",
      "absolute",
      "model-value",
      "name",
      "position",
      "priority",
      "size"
    ],
    "description": ""
  },
  "v-lazy": {
    "attributes": [
      "_as",
      "height",
      "max-height",
      "max-width",
      "min-height",
      "min-width",
      "model-value",
      "options",
      "tag",
      "transition",
      "width"
    ],
    "description": ""
  },
  "v-list": {
    "attributes": [
      "_as",
      "active-class",
      "active-color",
      "bg-color",
      "border",
      "color",
      "density",
      "disabled",
      "elevation",
      "height",
      "items",
      "lines",
      "mandatory",
      "max-height",
      "max-width",
      "min-height",
      "min-width",
      "nav",
      "open-strategy",
      "opened",
      "rounded",
      "select-strategy",
      "selected",
      "tag",
      "theme",
      "variant",
      "width"
    ],
    "description": ""
  },
  "v-list-subheader": {
    "attributes": [
      "_as",
      "color",
      "inset",
      "sticky",
      "tag",
      "text"
    ],
    "description": ""
  },
  "v-list-img": {
    "attributes": [
      "_as",
      "tag"
    ],
    "description": ""
  },
  "v-list-item": {
    "attributes": [
      "_as",
      "active",
      "active-class",
      "active-color",
      "append-avatar",
      "append-icon",
      "border",
      "color",
      "density",
      "disabled",
      "elevation",
      "height",
      "href",
      "lines",
      "max-height",
      "max-width",
      "min-height",
      "min-width",
      "nav",
      "prepend-avatar",
      "prepend-icon",
      "replace",
      "rounded",
      "subtitle",
      "tag",
      "theme",
      "title",
      "to",
      "value",
      "variant",
      "width"
    ],
    "description": ""
  },
  "v-list-item-action": {
    "attributes": [
      "_as",
      "end",
      "start",
      "tag"
    ],
    "description": ""
  },
  "v-list-item-avatar": {
    "attributes": [
      "_as",
      "color",
      "density",
      "end",
      "icon",
      "image",
      "rounded",
      "size",
      "start",
      "tag"
    ],
    "description": ""
  },
  "v-list-item-header": {
    "attributes": [
      "_as",
      "tag"
    ],
    "description": ""
  },
  "v-list-item-icon": {
    "attributes": [
      "_as",
      "color",
      "end",
      "icon",
      "size",
      "start",
      "tag",
      "theme"
    ],
    "description": ""
  },
  "v-list-item-media": {
    "attributes": [
      "_as",
      "end",
      "start",
      "tag"
    ],
    "description": ""
  },
  "v-list-item-subtitle": {
    "attributes": [
      "_as",
      "tag"
    ],
    "description": ""
  },
  "v-list-item-title": {
    "attributes": [
      "_as",
      "tag"
    ],
    "description": ""
  },
  "v-list-group": {
    "attributes": [
      "_as",
      "active-color",
      "collapse-icon",
      "color",
      "expand-icon",
      "tag",
      "value"
    ],
    "description": ""
  },
  "v-locale-provider": {
    "attributes": [
      "_as",
      "fallback-locale",
      "locale",
      "messages",
      "rtl"
    ],
    "description": ""
  },
  "v-main": {
    "attributes": [
      "_as",
      "tag"
    ],
    "description": ""
  },
  "v-menu": {
    "attributes": [
      "_as",
      "disable-keys",
      "id",
      "model-value",
      "transition"
    ],
    "description": ""
  },
  "v-navigation-drawer": {
    "attributes": [
      "_as",
      "absolute",
      "border",
      "color",
      "disable-resize-watcher",
      "disable-route-watcher",
      "elevation",
      "expand-on-hover",
      "floating",
      "image",
      "model-value",
      "name",
      "permanent",
      "position",
      "priority",
      "rail",
      "rail-width",
      "rounded",
      "tag",
      "temporary",
      "theme",
      "touchless",
      "width"
    ],
    "description": ""
  },
  "v-no-ssr": {
    "attributes": [
      "_as"
    ],
    "description": ""
  },
  "v-overlay": {
    "attributes": [
      "_as",
      "absolute",
      "activator",
      "activator-props",
      "anchor",
      "attach",
      "close-delay",
      "contained",
      "content-class",
      "eager",
      "height",
      "max-height",
      "max-width",
      "min-height",
      "min-width",
      "model-value",
      "no-click-animation",
      "offset",
      "open-delay",
      "open-on-click",
      "open-on-focus",
      "open-on-hover",
      "origin",
      "persistent",
      "position-strategy",
      "scrim",
      "scroll-strategy",
      "theme",
      "transition",
      "width"
    ],
    "description": ""
  },
  "v-pagination": {
    "attributes": [
      "_as",
      "aria-label",
      "border",
      "color",
      "current-page-aria-label",
      "density",
      "disabled",
      "elevation",
      "ellipsis",
      "first-aria-label",
      "first-icon",
      "last-aria-label",
      "last-icon",
      "length",
      "model-value",
      "next-aria-label",
      "next-icon",
      "page-aria-label",
      "prev-icon",
      "previous-aria-label",
      "rounded",
      "show-first-last-page",
      "size",
      "start",
      "tag",
      "theme",
      "total-visible",
      "variant"
    ],
    "description": ""
  },
  "v-parallax": {
    "attributes": [
      "_as",
      "scale"
    ],
    "description": ""
  },
  "v-progress-circular": {
    "attributes": [
      "_as",
      "bg-color",
      "color",
      "indeterminate",
      "model-value",
      "rotate",
      "size",
      "tag",
      "theme",
      "width"
    ],
    "description": ""
  },
  "v-progress-linear": {
    "attributes": [
      "_as",
      "active",
      "bg-color",
      "bg-opacity",
      "buffer-value",
      "clickable",
      "color",
      "height",
      "indeterminate",
      "max",
      "model-value",
      "reverse",
      "rounded",
      "rounded-bar",
      "stream",
      "striped",
      "tag",
      "theme"
    ],
    "description": ""
  },
  "v-radio": {
    "attributes": [
      "_as",
      "false-icon",
      "true-icon"
    ],
    "description": ""
  },
  "v-radio-group": {
    "attributes": [
      "_as",
      "append-icon",
      "color",
      "density",
      "direction",
      "disabled",
      "error",
      "error-messages",
      "false-icon",
      "false-value",
      "height",
      "hide-details",
      "id",
      "inline",
      "label",
      "max-errors",
      "messages",
      "model-value",
      "multiple",
      "name",
      "prepend-icon",
      "readonly",
      "ripple",
      "rules",
      "theme",
      "true-icon",
      "true-value",
      "type",
      "value",
      "value-comparator"
    ],
    "description": ""
  },
  "v-range-slider": {
    "attributes": [
      "_as",
      "append-icon",
      "color",
      "density",
      "direction",
      "disabled",
      "elevation",
      "error",
      "error-messages",
      "focused",
      "hide-details",
      "id",
      "max",
      "max-errors",
      "messages",
      "min",
      "model-value",
      "name",
      "prepend-icon",
      "readonly",
      "reverse",
      "rounded",
      "rules",
      "show-ticks",
      "step",
      "strict",
      "thumb-color",
      "thumb-label",
      "thumb-size",
      "tick-size",
      "ticks",
      "track-color",
      "track-fill-color",
      "track-size"
    ],
    "description": ""
  },
  "v-rating": {
    "attributes": [
      "_as",
      "active-color",
      "clearable",
      "color",
      "density",
      "disabled",
      "empty-icon",
      "full-icon",
      "half-increments",
      "hover",
      "item-aria-label",
      "item-label-position",
      "item-labels",
      "length",
      "model-value",
      "name",
      "readonly",
      "ripple",
      "size",
      "tag",
      "theme"
    ],
    "description": ""
  },
  "v-responsive": {
    "attributes": [
      "_as",
      "aspect-ratio",
      "content-class",
      "height",
      "max-height",
      "max-width",
      "min-height",
      "min-width",
      "width"
    ],
    "description": ""
  },
  "v-select": {
    "attributes": [
      "_as",
      "chips",
      "closable-chips",
      "eager",
      "hide-no-data",
      "hide-selected",
      "items",
      "menu-icon",
      "model-value",
      "multiple",
      "no-data-text",
      "open-on-clear",
      "transition"
    ],
    "description": ""
  },
  "v-selection-control": {
    "attributes": [
      "_as",
      "color",
      "density",
      "disabled",
      "error",
      "false-icon",
      "false-value",
      "id",
      "inline",
      "label",
      "model-value",
      "multiple",
      "name",
      "readonly",
      "ripple",
      "theme",
      "true-icon",
      "true-value",
      "type",
      "value",
      "value-comparator"
    ],
    "description": ""
  },
  "v-selection-control-group": {
    "attributes": [
      "_as",
      "disabled",
      "false-icon",
      "id",
      "inline",
      "model-value",
      "multiple",
      "name",
      "readonly",
      "true-icon",
      "type"
    ],
    "description": ""
  },
  "v-sheet": {
    "attributes": [
      "_as",
      "absolute",
      "border",
      "bottom",
      "color",
      "elevation",
      "fixed",
      "height",
      "left",
      "max-height",
      "max-width",
      "min-height",
      "min-width",
      "position",
      "right",
      "rounded",
      "tag",
      "theme",
      "top",
      "width"
    ],
    "description": ""
  },
  "v-slide-group-symbol": {
    "attributes": [],
    "description": ""
  },
  "v-slide-group": {
    "attributes": [
      "_as",
      "center-active",
      "direction",
      "disabled",
      "mandatory",
      "max",
      "model-value",
      "multiple",
      "next-icon",
      "prev-icon",
      "selected-class",
      "show-arrows",
      "symbol",
      "tag"
    ],
    "description": ""
  },
  "v-slide-group-item": {
    "attributes": [
      "_as",
      "disabled",
      "selected-class",
      "value"
    ],
    "description": ""
  },
  "v-slider": {
    "attributes": [
      "_as",
      "append-icon",
      "color",
      "density",
      "direction",
      "disabled",
      "elevation",
      "error",
      "error-messages",
      "focused",
      "hide-details",
      "id",
      "max",
      "max-errors",
      "messages",
      "min",
      "model-value",
      "name",
      "prepend-icon",
      "readonly",
      "reverse",
      "rounded",
      "rules",
      "show-ticks",
      "step",
      "thumb-color",
      "thumb-label",
      "thumb-size",
      "tick-size",
      "ticks",
      "track-color",
      "track-fill-color",
      "track-size"
    ],
    "description": ""
  },
  "v-snackbar": {
    "attributes": [
      "_as",
      "absolute",
      "app",
      "bottom",
      "centered",
      "color",
      "content-class",
      "fixed",
      "left",
      "model-value",
      "multi-line",
      "position",
      "right",
      "timeout",
      "top",
      "transition",
      "variant",
      "vertical"
    ],
    "description": ""
  },
  "v-switch": {
    "attributes": [
      "_as",
      "append-icon",
      "color",
      "density",
      "direction",
      "disabled",
      "error",
      "error-messages",
      "false-icon",
      "false-value",
      "flat",
      "hide-details",
      "id",
      "indeterminate",
      "inline",
      "inset",
      "label",
      "loading",
      "max-errors",
      "messages",
      "model-value",
      "multiple",
      "name",
      "prepend-icon",
      "readonly",
      "ripple",
      "rules",
      "theme",
      "true-icon",
      "true-value",
      "type",
      "value",
      "value-comparator"
    ],
    "description": ""
  },
  "v-system-bar": {
    "attributes": [
      "_as",
      "absolute",
      "color",
      "elevation",
      "height",
      "name",
      "priority",
      "rounded",
      "tag",
      "theme",
      "window"
    ],
    "description": ""
  },
  "v-tabs": {
    "attributes": [
      "_as",
      "align-with-title",
      "background-color",
      "centered",
      "color",
      "density",
      "direction",
      "fixed-tabs",
      "grow",
      "height",
      "hide-slider",
      "items",
      "model-value",
      "optional",
      "right",
      "slider-color",
      "stacked",
      "tag"
    ],
    "description": ""
  },
  "v-tab": {
    "attributes": [
      "_as",
      "append-icon",
      "color",
      "direction",
      "disabled",
      "fixed",
      "hide-slider",
      "href",
      "icon",
      "prepend-icon",
      "replace",
      "ripple",
      "selected-class",
      "slider-color",
      "stacked",
      "tag",
      "theme",
      "title",
      "to",
      "value"
    ],
    "description": ""
  },
  "v-table": {
    "attributes": [
      "_as",
      "density",
      "fixed-footer",
      "fixed-header",
      "height",
      "tag",
      "theme"
    ],
    "description": ""
  },
  "v-textarea": {
    "attributes": [
      "_as",
      "active",
      "append-icon",
      "append-inner-icon",
      "auto-grow",
      "autofocus",
      "bg-color",
      "clear-icon",
      "clearable",
      "color",
      "counter",
      "counter-value",
      "density",
      "direction",
      "dirty",
      "disabled",
      "error",
      "error-messages",
      "hide-details",
      "hint",
      "id",
      "label",
      "loading",
      "max-errors",
      "max-rows",
      "messages",
      "model-value",
      "name",
      "no-resize",
      "persistent-clear",
      "persistent-counter",
      "persistent-hint",
      "persistent-placeholder",
      "placeholder",
      "prefix",
      "prepend-icon",
      "prepend-inner-icon",
      "readonly",
      "reverse",
      "rows",
      "rules",
      "single-line",
      "suffix",
      "theme",
      "variant"
    ],
    "description": ""
  },
  "v-text-field": {
    "attributes": [
      "_as",
      "active",
      "append-icon",
      "append-inner-icon",
      "autofocus",
      "bg-color",
      "clear-icon",
      "clearable",
      "color",
      "counter",
      "counter-value",
      "density",
      "direction",
      "dirty",
      "disabled",
      "error",
      "error-messages",
      "hide-details",
      "hint",
      "id",
      "label",
      "loading",
      "max-errors",
      "messages",
      "model-value",
      "name",
      "persistent-clear",
      "persistent-counter",
      "persistent-hint",
      "persistent-placeholder",
      "placeholder",
      "prefix",
      "prepend-icon",
      "prepend-inner-icon",
      "readonly",
      "reverse",
      "rules",
      "single-line",
      "suffix",
      "theme",
      "type",
      "variant"
    ],
    "description": ""
  },
  "v-theme-provider": {
    "attributes": [
      "_as",
      "tag",
      "theme",
      "with-background"
    ],
    "description": ""
  },
  "v-timeline": {
    "attributes": [
      "_as",
      "density",
      "direction",
      "line-color",
      "line-inset",
      "line-thickness",
      "side",
      "tag",
      "theme",
      "truncate-line"
    ],
    "description": ""
  },
  "v-timeline-item": {
    "attributes": [
      "_as",
      "dot-color",
      "elevation",
      "fill-dot",
      "height",
      "hide-dot",
      "hide-opposite",
      "icon",
      "icon-color",
      "max-height",
      "max-width",
      "min-height",
      "min-width",
      "rounded",
      "size",
      "tag",
      "width"
    ],
    "description": ""
  },
  "v-toolbar": {
    "attributes": [
      "_as",
      "absolute",
      "border",
      "collapse",
      "color",
      "density",
      "elevation",
      "extended",
      "extension-height",
      "flat",
      "floating",
      "height",
      "image",
      "rounded",
      "tag",
      "theme",
      "title"
    ],
    "description": ""
  },
  "v-toolbar-title": {
    "attributes": [
      "_as",
      "tag",
      "text"
    ],
    "description": ""
  },
  "v-toolbar-items": {
    "attributes": [
      "_as",
      "color",
      "variant"
    ],
    "description": ""
  },
  "v-tooltip": {
    "attributes": [
      "_as",
      "anchor",
      "id",
      "model-value",
      "origin",
      "text",
      "transition"
    ],
    "description": ""
  },
  "v-validation": {
    "attributes": [
      "_as",
      "disabled",
      "error",
      "error-messages",
      "max-errors",
      "model-value",
      "name",
      "readonly",
      "rules"
    ],
    "description": ""
  },
  "v-window": {
    "attributes": [
      "_as",
      "continuous",
      "direction",
      "disabled",
      "mandatory",
      "model-value",
      "next-icon",
      "prev-icon",
      "reverse",
      "selected-class",
      "show-arrows",
      "tag",
      "theme",
      "touch"
    ],
    "description": ""
  },
  "v-window-item": {
    "attributes": [
      "_as",
      "disabled",
      "eager",
      "reverse-transition",
      "selected-class",
      "transition",
      "value"
    ],
    "description": ""
  }
}