{"cssstats":{"size":6460,"gzipSize":1568,"humanizedSize":"6kB","humanizedGzipSize":"2kB","rules":{"total":72,"size":{"graph":[4,2,3,1,1,2,1,4,1,2,5,3,1,1,11,4,3,1,1,1,3,3,1,1,1,2,1,2,2,1,1,1,1,5,2,3,1,2,2,1,1,3,1,1,3,2,7,2,4,3,4,2,3,4,2,4,1,4,4,5,1,1,1,7,1,2,6,9,6,4,1,3],"max":11,"average":2.638888888888889},"selectorByRuleSizes":[{"selector":".markdown-body kbd","declarations":11},{"selector":".markdown-body pre code,.markdown-body pre tt","declarations":9},{"selector":".markdown-body pre>code","declarations":7},{"selector":".markdown-body span.frame>span","declarations":7},{"selector":".markdown-body .csv-data td,.markdown-body .csv-data th","declarations":6},{"selector":".markdown-body .highlight pre,.markdown-body pre","declarations":6},{"selector":".markdown-body code,.markdown-body tt","declarations":5},{"selector":".markdown-body dl dt","declarations":5},{"selector":".markdown-body hr","declarations":5},{"selector":".markdown-body .csv-data .blob-num","declarations":4},{"selector":".markdown-body span.float-right>span","declarations":4},{"selector":".markdown-body span.float-right","declarations":4},{"selector":".markdown-body span.float-left","declarations":4},{"selector":".markdown-body span.align-right>span","declarations":4},{"selector":".markdown-body span.align-center>span","declarations":4},{"selector":".markdown-body span.frame span span","declarations":4},{"selector":".markdown-body h1,.markdown-body h2,.markdown-body h3,.markdown-body h4,.markdown-body h5,.markdown-body h6","declarations":4},{"selector":".markdown-body .anchor","declarations":4},{"selector":".markdown-body","declarations":4},{"selector":".markdown-body .csv-data th","declarations":3},{"selector":".markdown-body span.align-right","declarations":3},{"selector":".markdown-body span.align-center","declarations":3},{"selector":".markdown-body .emoji","declarations":3},{"selector":".markdown-body img","declarations":3},{"selector":".markdown-body table","declarations":3},{"selector":".markdown-body h2","declarations":3},{"selector":".markdown-body h1","declarations":3},{"selector":".markdown-body h1 .octicon-link,.markdown-body h2 .octicon-link,.markdown-body h3 .octicon-link,.markdown-body h4 .octicon-link,.markdown-body h5 .octicon-link,.markdown-body h6 .octicon-link","declarations":3},{"selector":".markdown-body blockquote","declarations":3},{"selector":".markdown-body::after","declarations":3},{"selector":".markdown-body .highlight pre","declarations":2},{"selector":".markdown-body span.align-right span img","declarations":2},{"selector":".markdown-body span.align-center span img","declarations":2},{"selector":".markdown-body span.frame span img","declarations":2},{"selector":".markdown-body span.frame","declarations":2},{"selector":".markdown-body table tr","declarations":2},{"selector":".markdown-body table th,.markdown-body table td","declarations":2},{"selector":".markdown-body dl dd","declarations":2},{"selector":".markdown-body ul ul,.markdown-body ul ol,.markdown-body ol ol,.markdown-body ol ul","declarations":2},{"selector":".markdown-body ul.no-list,.markdown-body ol.no-list","declarations":2},{"selector":".markdown-body h6","declarations":2},{"selector":".markdown-body p,.markdown-body blockquote,.markdown-body ul,.markdown-body ol,.markdown-body dl,.markdown-body table,.markdown-body pre","declarations":2},{"selector":".markdown-body a:not([href])","declarations":2},{"selector":".markdown-body::before","declarations":2},{"selector":".markdown-body .csv-data tr","declarations":1},{"selector":".markdown-body .highlight","declarations":1},{"selector":".markdown-body pre","declarations":1},{"selector":".markdown-body del code","declarations":1},{"selector":".markdown-body code br,.markdown-body tt br","declarations":1},{"selector":".markdown-body span.float-left span","declarations":1},{"selector":".markdown-body img[align=left]","declarations":1},{"selector":".markdown-body img[align=right]","declarations":1},{"selector":".markdown-body table img","declarations":1},{"selector":".markdown-body table tr:nth-child(2n)","declarations":1},{"selector":".markdown-body table th","declarations":1},{"selector":".markdown-body dl","declarations":1},{"selector":".markdown-body li+li","declarations":1},{"selector":".markdown-body li>p","declarations":1},{"selector":".markdown-body li","declarations":1},{"selector":".markdown-body ul,.markdown-body ol","declarations":1},{"selector":".markdown-body h5","declarations":1},{"selector":".markdown-body h4","declarations":1},{"selector":".markdown-body h3","declarations":1},{"selector":".markdown-body h1 tt,.markdown-body h1 code,.markdown-body h2 tt,.markdown-body h2 code,.markdown-body h3 tt,.markdown-body h3 code,.markdown-body h4 tt,.markdown-body h4 code,.markdown-body h5 tt,.markdown-body h5 code,.markdown-body h6 tt,.markdown-body h6 code","declarations":1},{"selector":".markdown-body h1:hover .anchor .octicon-link,.markdown-body h2:hover .anchor .octicon-link,.markdown-body h3:hover .anchor .octicon-link,.markdown-body h4:hover .anchor .octicon-link,.markdown-body h5:hover .anchor .octicon-link,.markdown-body h6:hover .anchor .octicon-link","declarations":1},{"selector":".markdown-body h1:hover .anchor,.markdown-body h2:hover .anchor,.markdown-body h3:hover .anchor,.markdown-body h4:hover .anchor,.markdown-body h5:hover .anchor,.markdown-body h6:hover .anchor","declarations":1},{"selector":".markdown-body blockquote>:last-child","declarations":1},{"selector":".markdown-body blockquote>:first-child","declarations":1},{"selector":".markdown-body .anchor:focus","declarations":1},{"selector":".markdown-body .absent","declarations":1},{"selector":".markdown-body>*:last-child","declarations":1},{"selector":".markdown-body>*:first-child","declarations":1}]},"selectors":{"total":120,"type":109,"class":120,"id":0,"pseudoClass":19,"pseudoElement":2,"values":[".markdown-body",".markdown-body::before",".markdown-body::after",".markdown-body>*:first-child",".markdown-body>*:last-child",".markdown-body a:not([href])",".markdown-body .absent",".markdown-body .anchor",".markdown-body .anchor:focus",".markdown-body p",".markdown-body blockquote",".markdown-body ul",".markdown-body ol",".markdown-body dl",".markdown-body table",".markdown-body pre",".markdown-body hr",".markdown-body blockquote",".markdown-body blockquote>:first-child",".markdown-body blockquote>:last-child",".markdown-body kbd",".markdown-body h1",".markdown-body h2",".markdown-body h3",".markdown-body h4",".markdown-body h5",".markdown-body h6",".markdown-body h1 .octicon-link",".markdown-body h2 .octicon-link",".markdown-body h3 .octicon-link",".markdown-body h4 .octicon-link",".markdown-body h5 .octicon-link",".markdown-body h6 .octicon-link",".markdown-body h1:hover .anchor",".markdown-body h2:hover .anchor",".markdown-body h3:hover .anchor",".markdown-body h4:hover .anchor",".markdown-body h5:hover .anchor",".markdown-body h6:hover .anchor",".markdown-body h1:hover .anchor .octicon-link",".markdown-body h2:hover .anchor .octicon-link",".markdown-body h3:hover .anchor .octicon-link",".markdown-body h4:hover .anchor .octicon-link",".markdown-body h5:hover .anchor .octicon-link",".markdown-body h6:hover .anchor .octicon-link",".markdown-body h1 tt",".markdown-body h1 code",".markdown-body h2 tt",".markdown-body h2 code",".markdown-body h3 tt",".markdown-body h3 code",".markdown-body h4 tt",".markdown-body h4 code",".markdown-body h5 tt",".markdown-body h5 code",".markdown-body h6 tt",".markdown-body h6 code",".markdown-body h1",".markdown-body h2",".markdown-body h3",".markdown-body h4",".markdown-body h5",".markdown-body h6",".markdown-body ul",".markdown-body ol",".markdown-body ul.no-list",".markdown-body ol.no-list",".markdown-body ul ul",".markdown-body ul ol",".markdown-body ol ol",".markdown-body ol ul",".markdown-body li",".markdown-body li>p",".markdown-body li+li",".markdown-body dl",".markdown-body dl dt",".markdown-body dl dd",".markdown-body table",".markdown-body table th",".markdown-body table th",".markdown-body table td",".markdown-body table tr",".markdown-body table tr:nth-child(2n)",".markdown-body table img",".markdown-body img",".markdown-body img[align=right]",".markdown-body img[align=left]",".markdown-body .emoji",".markdown-body span.frame",".markdown-body span.frame>span",".markdown-body span.frame span img",".markdown-body span.frame span span",".markdown-body span.align-center",".markdown-body span.align-center>span",".markdown-body span.align-center span img",".markdown-body span.align-right",".markdown-body span.align-right>span",".markdown-body span.align-right span img",".markdown-body span.float-left",".markdown-body span.float-left span",".markdown-body span.float-right",".markdown-body span.float-right>span",".markdown-body code",".markdown-body tt",".markdown-body code br",".markdown-body tt br",".markdown-body del code",".markdown-body pre",".markdown-body pre>code",".markdown-body .highlight",".markdown-body .highlight pre",".markdown-body .highlight pre",".markdown-body pre",".markdown-body pre code",".markdown-body pre tt",".markdown-body .csv-data td",".markdown-body .csv-data th",".markdown-body .csv-data .blob-num",".markdown-body .csv-data tr",".markdown-body .csv-data th"],"specificity":{"max":41,"average":17.466666666666665}},"declarations":{"total":190,"unique":112,"properties":{"font-family":["-apple-system,BlinkMacSystemFont,\"Segoe UI\",Helvetica,Arial,sans-serif,\"Apple Color Emoji\",\"Segoe UI Emoji\",\"Segoe UI Symbol\""],"font-size":["16px","11px","inherit","2em","1.5em","1.25em","1em","0.875em","0.85em","1em","85%","100%","85%","12px"],"line-height":["1.5","1","10px","1.25","1.45","inherit","1"],"word-wrap":["break-word","break-all","normal","normal"],"display":["table","table","inline-block","block","block","block","block","block","block","block","block","block","block","block","block","none","inline"],"content":["\"\"","\"\""],"clear":["both","both","both","both"],"margin-top":["0","0","0","24px","0","16px",".25em","16px"],"margin-bottom":["0","16px","0","16px","0","16px","16px","0"],"color":["inherit","#cb2431","#6a737d","#444d56","#1b1f23","#6a737d","#24292e"],"text-decoration":["none","none","inherit"],"float":["left","left","left","left","right"],"padding-right":["4px","20px"],"margin-left":["-20px","13px"],"outline":["none"],"height":[".25em"],"padding":["0","0 1em","3px 5px","0","0","0","0 16px","6px 13px","7px","5px 0 0","0.2em 0.4em","0","16px","0","5px","10px 8px 9px"],"margin":["24px 0","13px 0 0","13px auto 0","0 auto","13px 0 0","0","13px 0 0","13px auto 0","0","0","0"],"background-color":["#e1e4e8","#fafbfc","#fff","#f6f8fa","transparent","#fff","transparent","rgba(27,31,35,0.05)","#f6f8fa","transparent"],"border":["0","solid 1px #c6cbd1","1px solid #dfe2e5","1px solid #dfe2e5","0","0","0"],"border-left":["0.25em solid #dfe2e5"],"vertical-align":["middle","middle","text-top"],"border-bottom-color":["#959da5"],"border-radius":["3px","3px","3px"],"box-shadow":["inset 0 -1px 0 #959da5"],"font-weight":["600","600","600","600"],"visibility":["hidden","visible"],"padding-bottom":["0.3em","0.3em"],"border-bottom":["1px solid #eaecef","1px solid #eaecef"],"padding-left":["2em","20px"],"list-style-type":["none"],"font-style":["italic"],"width":["100%","auto"],"overflow":["auto","hidden","hidden","hidden","hidden","hidden","hidden","hidden","hidden","hidden","auto","visible","hidden"],"border-top":["1px solid #c6cbd1","0","0"],"max-width":["100%","none","auto"],"box-sizing":["content-box"],"text-align":["center","center","right","right","right","left","right"],"margin-right":["13px"],"word-break":["normal","normal"],"white-space":["pre","nowrap"],"background":["transparent","#fff","#f6f8fa"]}},"mediaQueries":{"total":0,"unique":0,"values":[],"contents":[]}}}